0115BM2,竹纤维肚围,20381708194,粉红色 90_delete,10.28
0115BM2,竹纤维肚围,20381708195,天蓝色 90_delete,10.28
0115BM2,竹纤维肚围,60H,天蓝色 80-90cm(1-2岁),10.28
0115BM2,竹纤维肚围,50H,浅黄色 80-90cm(1-2岁),10.28
0115BM2,竹纤维肚围,46H,粉红色 80-90cm(1-2岁),10.28
0115BM2,竹纤维肚围,20381708196,浅黄色 90_delete,10.28
3116DM7,春田花花-竹纤维纱布婴儿套脚肚兜,50T,竹纤维纱布肚兜 浅黄 28*32CM,7
3116DM7,春田花花-竹纤维纱布婴儿套脚肚兜,60T,竹纤维纱布肚兜 浅蓝 28*32CM,7
3115CH1,婴儿竹纤维手套,62ZA,蓝色手套组合0-6月,0
3115CH1,婴儿竹纤维手套,51ZA,黄色手套组合0-6月,0
3115CH1,婴儿竹纤维手套,46ZA,粉色手套组合0-6月,0
0996CD4,null,50B,黄色,0
0996CD4,null,62B,蓝色,0
3111BG1,有脚睡袋,62U120,中厚连袖全棉有脚睡袋-120G 51*75CM 蓝色-开心小象,45.5
3111BG1,有脚睡袋,60Y,单层竹棉无袖有脚睡袋 35*96cm  蓝色-小熊气球,31
3111BG1,有脚睡袋,52U60,薄款连袖全棉有脚睡袋-60G 51*75CM 黄色-阳光小鹿,44
3111BG1,有脚睡袋,62U200,加厚连袖全棉有脚睡袋-200G 51*75CM 蓝色-开心小象,48
3111BG1,有脚睡袋,62V120,中厚连袖全棉有脚睡袋-120G 61*90CM 蓝色-开心小象,52.5
3111BG1,有脚睡袋,52V60,薄款连袖全棉有脚睡袋-60G 61*90CM 黄色-阳光小鹿,50
3111BG1,有脚睡袋,52U120,中厚连袖全棉有脚睡袋-120G 51*75CM 黄色-阳光小鹿,45.5
3111BG1,有脚睡袋,50O,单层竹棉无袖有脚睡袋 31*75cm  黄色-小鹿推车,26
3111BG1,有脚睡袋,60O,单层竹棉无袖有脚睡袋 31*75cm  蓝色-小熊气球,26
3111BG1,有脚睡袋,62V60,薄款连袖全棉有脚睡袋-60G 61*90CM 蓝色-开心小象,50
3111BG1,有脚睡袋,50K,单层竹棉无袖小睡袋 31*70cm  黄色-小鹿推车,0
3111BG1,有脚睡袋,52U,51*75CM.连袖有脚睡袋-60G._delete,44
3111BG1,有脚睡袋,60K,单层竹棉无袖小睡袋 31*70cm  蓝色-小熊气球,0
3111BG1,有脚睡袋,62U,61*90CM.连袖有脚睡袋-60G_delete,50
3111BG1,有脚睡袋,52V200,加厚连袖全棉有脚睡袋-200G 61*90CM黄色-阳光小鹿,56
3111BG1,有脚睡袋,62U60,薄款连袖全棉有脚睡袋-60G 51*75CM  蓝色-开心小象,44
3111BG1,有脚睡袋,52U200,加厚连袖全棉有脚睡袋-200G-51*75CM 黄色-阳光小鹿,48
3111BG1,有脚睡袋,52V120,中厚连袖全棉有脚睡袋-120G 61*90CM 黄色-阳光小鹿,52.5
3111BG1,有脚睡袋,50Y,单层竹棉无袖有脚睡袋 35*96cm  黄色-小鹿推车,31
3111BG1,有脚睡袋,62V200,加厚连袖全棉有脚睡袋-200G 61*90CM 蓝色-开心小象,56
3111BG1,有脚睡袋,52U,61*90CM 连袖有脚睡袋-60G._delete,500
3116CF2,空气层连体衣,67K,空气层连体衣 66CM 蓝色条纹,25
3116CF2,空气层连体衣,47M,空气层连体衣 80CM 粉色条纹,25
3116CF2,空气层连体衣,62K,空气层连体衣 66CM 蓝色圆点,25
3116CF2,空气层连体衣,41M,空气层连体衣 80CM 红色圆点,25
3116CF2,空气层连体衣,73P,空气层连体衣 59CM 绿色条纹,25
3116CF2,空气层连体衣,41L,空气层连体衣 73CM 红色圆点,25
3116CF2,空气层连体衣,67L,空气层连体衣 73CM 蓝色条纹,25
3116CF2,空气层连体衣,71M,空气层连体衣 80CM 绿色圆点,25
3116CF2,空气层连体衣,62L,空气层连体衣 73CM 蓝色圆点,25
3116CF2,空气层连体衣,73K,空气层连体衣 66CM 绿色条纹,25
3116CF2,空气层连体衣,47P,空气层连体衣 59CM 粉色条纹,25
3116CF2,空气层连体衣,71P,空气层连体衣 59CM 绿色圆点,25
3116CF2,空气层连体衣,71L,空气层连体衣 73CM 绿色圆点,25
3116CF2,空气层连体衣,47K,空气层连体衣 66CM 粉色条纹,25
3116CF2,空气层连体衣,67P,空气层连体衣 59CM 蓝色条纹,25
3116CF2,空气层连体衣,41P,空气层连体衣 59CM 红色圆点,25
3116CF2,空气层连体衣,41K,空气层连体衣 66CM 红色圆点,25
3116CF2,空气层连体衣,73L,空气层连体衣 73CM 绿色条纹,25
3116CF2,空气层连体衣,73M,空气层连体衣 80CM 绿色条纹,25
3116CF2,空气层连体衣,47L,空气层连体衣 73CM 粉色条纹,25
3116CF2,空气层连体衣,62M,空气层连体衣 80CM 蓝色圆点,25
3116CF2,空气层连体衣,67M,空气层连体衣 80CM 蓝色条纹,25
3116CF2,空气层连体衣,71K,空气层连体衣 66CM 绿色圆点,25
3116CF2,空气层连体衣,62P,空气层连体衣 59CM 蓝色圆点,25
0115YA69,自封袋制版费,1,8丝LDPE1,0
9116BG12,超人牛牛无袖睡袋,27D,浅灰色,0
0112BK4,枕套,61E,喜洋洋蓝色35*57,10
0112BK4,枕套,70E,喜洋洋绿色35*57,10
0112BK4,枕套,90E,喜洋洋咖啡35*57,10
3112BK6,凉席,71G,三层凉席 60*120CM 绿色,28.5
3112BK6,凉席,71E,三层凉席 70*130CM 绿色,36
3112BK6,凉席,71C,三层凉席 60*110CM 绿色,27
2115DD3,尿布固定带,63A,蓝色固定带 46*5CM,0
3112BG8,竹棉无袖小睡袋,50K,竹棉无袖小睡袋-浅黄 31*70cm,22.5
3112BG8,竹棉无袖小睡袋,60K,竹棉无袖小睡袋-浅蓝 31*70CM,22.5
3112CE1,春田花花-竹纤维纱布背心短裤两件套,60J,竹纤维纱布背心短裤两件套 浅蓝L 1-2Y,19
3112CE1,春田花花-竹纤维纱布背心短裤两件套,60I,竹纤维纱布背心短裤两件套 浅蓝S 9-18M,19
3112CE1,春田花花-竹纤维纱布背心短裤两件套,50J,竹纤维纱布背心短裤两件套 浅黄L 1-2Y,19
3112CE1,春田花花-竹纤维纱布背心短裤两件套,50I,竹纤维纱布背心短裤两件套 浅黄S 9-18M,19
3112CC1,童鞋,62C,蓝色小海豚1-1.5岁（鞋底13.5CM）,0
3112CC1,童鞋,41C,爱心小瓢虫1-1.5岁（鞋底13.5CM）,0
3112CC1,童鞋,47B,粉色花仙子9-12个月（鞋底13CM）,0
3112CC1,童鞋,42C,红色小精灵1-1.5岁（鞋底13.5CM）,0
3112CC1,童鞋,34A,米色小豹纹 6-9月 （鞋底12CM）,16.8
3112CC1,童鞋,47A,粉色花仙子6-9个月（鞋底11.5CM）,18
3112CC1,童鞋,34B,米色小豹纹 9-12月 （鞋底13CM）,16.8
3112CC1,童鞋,71G,绿色叫叫鞋0-1岁,32
3112CC1,童鞋,41B,爱心小瓢虫9-12个月（鞋底13CM）,0
3112CC1,童鞋,54A,橙色小飞机6-9个月（鞋底12CM）,18.5
3112CC1,童鞋,62A,蓝色小海豚6-9个月（鞋底12CM）,18
3112CC1,童鞋,13B,彩色小汽车9-12个月（鞋底13CM）,0
3112CC1,童鞋,62B,蓝色小海豚9-12个月（鞋底13CM）,0
3112CC1,童鞋,47C,粉色花仙子1-1.5岁（鞋底13.5CM）,0
3112CC1,童鞋,54B,橙色小飞机9-12个月（鞋底13CM）,0
3112CC1,童鞋,34C,米色小豹纹 1-1.5岁 （鞋底13.5CM),16.8
3112CC1,童鞋,42A,红色小精灵6-9个月（鞋底11.5CM）,18
3112CC1,童鞋,13C,彩色小汽车1-1.5岁（鞋底13.5CM）,0
3112CC1,童鞋,34D,米色小豹纹3-6月 （鞋底11CM）,16.8
3112CC1,童鞋,54C,橙色小飞机1-1.5岁（鞋底13.5CM）,0
3112CC1,童鞋,13A,彩色小汽车6-9个月（鞋底12CM）,20
3112CC1,童鞋,41A,爱心小瓢虫6-9个月（鞋底11.5CM）,18
3115DC1,吸汗巾25*35CM,105B,小象波尼,3.5
3115DC1,吸汗巾25*35CM,102B,小猴泰德,3.5
3115DC1,吸汗巾25*35CM,101B,小狮子辛巴,3.5
3115DC1,吸汗巾25*35CM,200B,小青蛙皮诺,3.5
3115DC1,吸汗巾25*35CM,104B,小狗欧迪,3.5
3115DC1,吸汗巾25*35CM,201B,小牛米乐,3.5
3115DC1,吸汗巾25*35CM,107B,小虎雷斯,3.5
3115DC1,吸汗巾25*35CM,103B,小兔芭比,3.5
3115DC1,吸汗巾25*35CM,108B,小熊艾迪,3.5
3115DC1,吸汗巾25*35CM,109B,小企鹅鲁比,3.5
2112BH1,竹纤维童毯,46L,华夫格浅粉 110*140CM,35
2112BH1,竹纤维童毯,46M,华夫格浅粉100*120CM,0
2112BH1,竹纤维童毯,60M,华夫格粉蓝100*120CM,0
2112BH1,竹纤维童毯,60L,华夫格粉蓝 110*140CM,35
2112BH1,竹纤维童毯,47k,枫叶粉色90*120CM,0
2112BH1,竹纤维童毯,50L,华夫格浅黄 110*140CM,35
2112BH1,竹纤维童毯,64k,枫叶蓝色90*120CM,0
2112BH1,竹纤维童毯,50M,华夫格浅黄 100*120CM,28
2112BH1,竹纤维童毯,31M,华夫格象牙白100*120CM,0
2115DD5BZ6,婴幼儿吸汗巾-大号(6片装）,BZ6-107,婴幼儿吸汗巾-大号(6个装） 25*35CM 老虎雷斯,3.68
2115DD5BZ6,婴幼儿吸汗巾-大号(6片装）,BZ6-109,婴幼儿吸汗巾-大号(6个装） 25*35CM 企鹅鲁比,3.68
2115DD5BZ6,婴幼儿吸汗巾-大号(6片装）,BZ6-103,婴幼儿吸汗巾-大号(6个装） 25*35CM 兔子芭比,3.68
2115DD5BZ6,婴幼儿吸汗巾-大号(6片装）,BZ6-101,婴幼儿吸汗巾-大号(6个装） 25*35CM 狮子辛巴,3.68
2115DD5BZ6,婴幼儿吸汗巾-大号(6片装）,BZ6-108,婴幼儿吸汗巾-大号(6个装） 25*35CM 小熊艾迪,3.68
2115DD5BZ6,婴幼儿吸汗巾-大号(6片装）,BZ6-105,婴幼儿吸汗巾-大号(6个装） 25*35CM 大象波尼,3.68
9115BD2,丛林动物床围,12E,130*70 丛林动物,0
3112BF8,三层亚麻竹炭童枕(升级版）,71I,三层亚麻竹炭童枕(升级版）40*24,7.8
2115ZB2,祝福贺卡,12Z,null,0
2115BD1,null,60J,60*105 苏美尔床围,0
2115BD1,null,60K,65*120 苏美尔床围,0
3112BL1,婴儿蚊帐,62B,婴儿蒙古包蚊帐 蓝色 110*85*75CM ,12.5
3112BL1,婴儿蚊帐,81B,婴儿蒙古包蚊帐 紫色 110*85*75CM ,12.5
0115YA066,凉席无纺布袋子,0115YA066,62*8,2.5
0115BE2,全棉床单,53G,圆点床单,16.71
0115BE2,全棉床单,47GA,艾米丽A版,16.71
0115BE2,全棉床单,47B,艾米丽B版,16.71
0115BE2,全棉床单,52G,卡卡杜A版动物,16.71
0115BE2,全棉床单,52GB,卡卡杜B版,16.71
0115BE2,全棉床单,30G,森林公园床单,16.71
0115BE2,全棉床单,61G,苏美尔动物床单,16.71
0115BE2,全棉床单,26114244168,天蓝色 苏美尔床单100*150cm_delete,16.71
1116CB5,斗篷,斗篷短-点点,斗篷短-点点,0
1116CB5,斗篷,斗篷短-小熊,斗篷短-小熊,0
1116CB5,斗篷,斗篷长-奶牛,斗篷长-奶牛,0
1116CB5,斗篷,斗篷短-奶牛,斗篷短-奶牛,0
1116CB5,斗篷,斗篷短-蓝底动物,斗篷短-蓝底动物,0
1116CB5,斗篷,斗篷长-蓝底动物,斗篷长-蓝底动物,0
1116CB5,斗篷,斗篷长-小熊,斗篷长-小熊,0
1116CB5,斗篷,斗篷长-点点,斗篷长-点点,0
0115YA,包装袋,1,8丝LDPE,0
2116CF1,防风多功能外出服,66F,深蓝色+62CM 宽,0
2116CF1,防风多功能外出服,42F,大红色+62CM 宽,0
0115YA026,纽扣,18MM白色内凹四孔扣,null,0
3115YA001,包装袋,童鞋包装袋-透明,童鞋包装袋,1.41
3112BL4,婴儿床蚊帐,30L,宫廷式座地蚊帐 600CM,70
3112BA2,特价床品十件套,E 130 新花型,特价床品十件套-新花型 130*70CM,0
3112BA2,特价床品十件套,E 130 卡卡杜,特价床品十件套-卡卡杜浅色 130*70CM,0
3112BA2,特价床品十件套,D 120 卡卡杜,特价床品十件套-卡卡杜浅色 120*70CM,0
3112BA2,特价床品十件套,C 110新花型,特价床品十件套-新花型 110*60CM,0
3112BA2,特价床品十件套,C 110 卡卡杜,特价床品十件套-卡卡杜浅色 110*60CM,0
3112BA2,特价床品十件套,D 120 新花型,特价床品十件套-新花型 120*70CM,0
2115BN1,110*130CM棉花被芯130GGSM,30L,110*130CM棉花内胆130G/M2,0
2115BN1,110*130CM棉花被芯130GGSM,30LH,110*130CM棉花内胆350G/M2,0
1116SBG,全棉加厚睡袋 120cm长,712H,开心派对120cm,0
1116SBG,全棉加厚睡袋 120cm长,460H,苏美尔120cm,0
9115CC3,滑雪靴,46E,粉红 18码/14cm,0
9115CC3,滑雪靴,60E,粉蓝 18码/14cm,0
3115BF5,天然乳胶婴儿枕,30K,天然乳胶婴儿枕 45*26*2.5CM,22
0996CD3,女童贝蕾帽,47Z,粉色贝蕾帽 均码 均码,0
2116CG1,婴童棉袜,62B,1-2岁 蓝底白条_delete,0
2116CG1,婴童棉袜,410A,0-1岁 白底粉条_delete,0
2116CG1,婴童棉袜,62D,3-4岁 蓝底白条_delete,0
2116CG1,婴童棉袜,510C,2-3岁  白底黄条_delete,0
2116CG1,婴童棉袜,510ZA,黄色组合0-1岁,0
2116CG1,婴童棉袜,410C,2-3岁 白底粉条_delete,0
2116CG1,婴童棉袜,510ZC,黄色组合2-3岁,0
2116CG1,婴童棉袜,51C, 2-3岁 黄底白条_delete,0
2116CG1,婴童棉袜,510ZB,黄色组合1-2岁,0
2116CG1,婴童棉袜,62C,2-3岁 蓝底白条_delete,0
2116CG1,婴童棉袜,46C,2-3岁 粉底白条_delete,0
2116CG1,婴童棉袜,51B, 1-2岁 黄底白条_delete,0
2116CG1,婴童棉袜,67ZC,蓝色组合2-3岁,0
2116CG1,婴童棉袜,62A,0-1岁  蓝底白条_delete,0
2116CG1,婴童棉袜,51D, 3-4岁 黄底白条_delete,0
2116CG1,婴童棉袜,46B,1-2岁 粉底白条_delete,0
2116CG1,婴童棉袜,510B,1-2 白底黄条_delete,0
2116CG1,婴童棉袜,67ZA,蓝色组合0-1岁,0
2116CG1,婴童棉袜,510A,0-1岁 白底黄条_delete,0
2116CG1,婴童棉袜,410ZA,粉色组合0-1岁,0
2116CG1,婴童棉袜,410ZC,粉色组合2-3岁,0
2116CG1,婴童棉袜,51A,0-1岁 黄底白条_delete,0
2116CG1,婴童棉袜,67D,3-4岁 白底蓝条_delete,0
2116CG1,婴童棉袜,67A,0-1岁  白底蓝条_delete,0
2116CG1,婴童棉袜,46D,3-4岁  粉底白条_delete,0
2116CG1,婴童棉袜,510D,3-4 白底黄条_delete,0
2116CG1,婴童棉袜,67ZB,蓝色组合1-2岁,0
2116CG1,婴童棉袜,67C,2-3岁 白底蓝条_delete,0
2116CG1,婴童棉袜,410ZB,粉色组合1-2岁,0
2116CG1,婴童棉袜,410D,3-4岁白底粉条_delete,0
2116CG1,婴童棉袜,410ZD,粉色组合3-4岁,0
2116CG1,婴童棉袜,67B,1-2岁 白底蓝条_delete,0
2116CG1,婴童棉袜,67ZD,蓝色组合3-4岁,0
2116CG1,婴童棉袜,410B,1-2岁 白底粉条_delete,0
2116CG1,婴童棉袜,510ZD,黄色组合3-4岁,0
2116CG1,婴童棉袜,46A,0-1岁  粉底白条_delete,0
0115YA023,斜纹布,73,草绿,0
0115YA023,斜纹布,51,鹅黄,0
0115YA023,斜纹布,46,浅粉,0
0115YA023,斜纹布,90,浅咖啡,0
0115YA023,斜纹布,53,橘黄,0
0115YA023,斜纹布,30,漂白,0
0115YA030,汗布,74,调皮虎浅绿,0
0115YA030,汗布,61,浅蓝,0
0115YA030,汗布,81,14-3812TPX紫色,0
0115YA030,汗布,46,浅粉,0
9115CC1,绣花棉靴,94E,棕色 17码/13.5cm,0
9115CC1,绣花棉靴,94F,棕色 18码/14cm,0
9115CC1,绣花棉靴,94D,棕色 15码/12.5cm,0
9115CC1,绣花棉靴,81F,紫色 18码/14cm,0
9115CC1,绣花棉靴,81D,紫色 15码/12.5cm,0
9115CC1,绣花棉靴,81E,紫色 17码/13.5cm,0
3114CF1,羽绒服外套/两件套,74Q-45G,羽绒服内胆两件套-裤子充绒45G 100-110CM 果绿色,40
3114CF1,羽绒服外套/两件套,42O-35G,羽绒服内胆两件套-裤子充绒35G 90-100CM 大红色,40
3114CF1,羽绒服外套/两件套,74N,羽绒服内胆两件套-上衣充绒45G 80-90CM 果绿色,50
3114CF1,羽绒服外套/两件套,55N,羽绒连帽外套-充绒90G 80-90CM 橘色,85
3114CF1,羽绒服外套/两件套,51O-35G,羽绒服内胆两件套-裤子充绒35G 90-100CM 果黄色,40
3114CF1,羽绒服外套/两件套,64Q,羽绒服内胆两件套-上衣充绒55G 100-110CM 果蓝色,50
3114CF1,羽绒服外套/两件套,42N-90G,羽绒连帽外套-充绒990G 80-90CM 大红色,85
3114CF1,羽绒服外套/两件套,42O-95G,羽绒连帽外套-充绒95G 90-100CM 大红色,85
3114CF1,羽绒服外套/两件套,51N,羽绒服内胆两件套-上衣充绒45G 80-90CM 果黄色,50
3114CF1,羽绒服外套/两件套,42Q,羽绒服内胆两件套-上衣充绒55G 100-110CM 大红色,50
3114CF1,羽绒服外套/两件套,64N,羽绒服内胆两件套-上衣充绒45G 80-90CM 果蓝色,50
3114CF1,羽绒服外套/两件套,74N-25G,羽绒服内胆两件套-裤子充绒25G 80-90CM 果绿色,40
3114CF1,羽绒服外套/两件套,64O-35G,羽绒服内胆两件套-裤子充绒35G 90-100CM 果蓝色,40
3114CF1,羽绒服外套/两件套,42Q-45G,羽绒服内胆两件套-裤子充绒45G 100-110CM 大红色,40
3114CF1,羽绒服外套/两件套,68Q,羽绒连帽外套-充绒100G 100-110CM 藏青色,85
3114CF1,羽绒服外套/两件套,42Q-100G,羽绒连帽外套-充绒100G 100-110CM 大红色,85
3114CF1,羽绒服外套/两件套,68N,羽绒连帽外套-充绒90G 80-90CM 藏青色,85
3114CF1,羽绒服外套/两件套,42O,羽绒服内胆两件套-上衣充绒50G 90-100CM 大红色,50
3114CF1,羽绒服外套/两件套,64O,羽绒服内胆两件套-上衣充绒50G 90-100CM 果蓝色,50
3114CF1,羽绒服外套/两件套,74Q,羽绒服内胆两件套-上衣充绒55G 100-110CM 果绿色,50
3114CF1,羽绒服外套/两件套,55O,羽绒连帽外套-充绒95G 90-100CM 橘色,85
3114CF1,羽绒服外套/两件套,74O,羽绒服内胆两件套-上衣充绒50G 90-100CM 果绿色,50
3114CF1,羽绒服外套/两件套,68O,羽绒连帽外套-充绒95G 90-100CM 藏青色,85
3114CF1,羽绒服外套/两件套,51N-25G,羽绒服内胆两件套-裤子充绒25G 80-90CM 果黄色,40
3114CF1,羽绒服外套/两件套,74O-35G,羽绒服内胆两件套-裤子充绒35G 90-100CM 果绿色,40
3114CF1,羽绒服外套/两件套,42N-25G,羽绒服内胆两件套-裤子充绒25G 80-90CM 大红色,40
3114CF1,羽绒服外套/两件套,51Q,羽绒服内胆两件套-上衣充绒55G 100-110CM 果黄色,50
3114CF1,羽绒服外套/两件套,42N,羽绒服内胆两件套-上衣充绒45G 80-90CM 大红色,50
3114CF1,羽绒服外套/两件套,51O,羽绒服内胆两件套-上衣充绒50G 90-100CM 果黄色,50
3114CF1,羽绒服外套/两件套,51Q-45G,羽绒服内胆两件套-裤子充绒45G 100-110CM 果黄色,40
3114CF1,羽绒服外套/两件套,64Q-45G,羽绒服内胆两件套-裤子充绒45G 100-110CM 果蓝色,40
3114CF1,羽绒服外套/两件套,64N-25G,羽绒服内胆两件套-裤子充绒25G 80-90CM 果蓝色,40
3114CF1,羽绒服外套/两件套,55Q,羽绒连帽外套-充绒100G 100-110CM 橘色,85
0996CD7,小熊春秋护耳帽,50B,粉黄 均码 均码,0
0996CD7,小熊春秋护耳帽,60B,粉蓝 均码 均码,0
0996CD7,小熊春秋护耳帽,7105575447,粉红 均码 均码,0
2115DA2,白色全棉浴巾,31N,白色60*120cm ,14.3
2115DA2,白色全棉浴巾,25906920283,全棉浴巾2条套餐,0
2115DA2,白色全棉浴巾,25906920282,全棉浴巾5条套餐,0
2115DA2,白色全棉浴巾,25906920281,全棉浴巾10条套餐,0
3111CH6,春田花花-竹纤维袖套,35A,竹纤维纱布袖套 20*32.5CM,5
3112BA1,床品三件套,L120 卡卡杜,卡卡杜浅色床品三件套 120*150CM,0
3112BA1,床品三件套,L 120,新花型床品三件套  120*150CM,0
3112BA1,床品三件套,M110 卡卡杜,卡卡杜浅色床品三件套 110*130CM,0
3112BA1,床品三件套,M 110,新花型床品三件套 110*130,0
3116BG1,null,52W120,可脱袖睡袋-120g 120*58cm 黄色,79
3116BG1,null,62W60,可脱袖睡袋-60g 120*58cm 蓝色,77
3116BG1,null,62W120,可脱袖睡袋-120g 120*58cm 蓝色,79
3116BG1,null,52W60,可脱袖睡袋-60g 120*58cm 黄色,77
0115YA071,包装袋,48*68+3CM,"8丝LDPE2套色,自带拉链封口  48*68+3CM",0
0115YA071,包装袋,33*36+3,6丝厚度LDPE2套色板双面一个气孔，封口处自带拉链封口-蓝色,0
0115YA071,包装袋,48*68+3CM,_delete,0
0115YA071,包装袋,48*68+3cm,6丝厚度LDPE2套色板双面一个气孔，封口处自带拉链封口-蓝色.,0
0115YA071,包装袋,33*39+3CM,"8丝LDPE2套色,自带拉链封口33*39+3CM----EP CHINA",0
0115YA071,包装袋,48*(68+3,_delete,0
0115YA071,包装袋,38*55+3CM,"6丝LDPE2套色,自带拉链封口 38*55+3CM",0
3112BG7,竹棉分脚式无袖睡袋,50Y,竹棉分脚式无袖睡袋-浅黄（大号） 35*96CM,31
3112BG7,竹棉分脚式无袖睡袋,60Y,竹棉分脚式无袖睡袋-浅蓝（大号） 35*96CM,31
3112BG7,竹棉分脚式无袖睡袋,60O,竹棉分脚式无袖睡袋-浅蓝（小号） 31*75CM,26
3112BG7,竹棉分脚式无袖睡袋,50O,竹棉分脚式无袖睡袋-浅黄（小号） 31*75CM,26
0115YA027,印花面料,2,粉色小熊A,0
0115YA027,印花面料,4,彩条印花,0
0115YA027,印花面料,1,欢乐派对印花面料,0
0115YA027,印花面料,3,粉色小熊B,0
0994CB1,羽绒裤,41E,红色 L,0
0994CB1,羽绒裤,41D,红色 M,0
0994CB1,羽绒裤,41F,红色 XL,0
0994CB1,羽绒裤,41C,红色 S,0
3112BL5,婴儿床蚊帐,30K,夹式婴儿床蚊帐 550CM,56
3115DB2,婴儿纱布肚兜,35T,纱布肚兜 28*32CM ,7
3112BK4,凉枕套,61E,蓝色凉枕套,0
3112BK4,凉枕套,70E,绿色凉枕套,0
3112BK4,凉枕套,90E,咖啡凉枕套,0
3112BG2,春田花花-竹纤维纱布有脚小睡袋,50S,竹纤维纱布有脚小睡袋 浅黄 48*75CM,38
3112BG2,春田花花-竹纤维纱布有脚小睡袋,60S,竹纤维纱布有脚小睡袋 浅蓝 48*75CM,38
2115DD4,尿布裤,46S,粉色S号,0
2115DD4,尿布裤,62M,蓝色M号,0
2115DD4,尿布裤,46L,粉色L号,0
2115DD4,尿布裤,62S,蓝色S号,0
2115DD4,尿布裤,62L,蓝色L号,0
2115DD4,尿布裤,46M,粉色M号,0
3116BG5,经典款纯内胆,30G,经典款纯内胆 M,37
3116BG5,经典款纯内胆,30U,经典款纯内胆成长包L,16
3116BG5,经典款纯内胆,30K,经典款纯内胆 S,29
3112BK13,亚麻草竹炭婴儿推车席（升级版）,71J,亚麻草竹炭婴儿推车席（升级版）35*75CM,17
1116CA2,男童羽绒服,66M,藏青色140/96 M,0
1116CA2,男童羽绒服,66L,藏青色 150,0
1116CA2,男童羽绒服,42S,红色130/93 S,0
1116CA2,男童羽绒服,42L,红色150/98 L,0
1116CA2,男童羽绒服,76S,墨绿色130/93 S,0
1116CA2,男童羽绒服,42XL,红色160/103 XL,0
1116CA2,男童羽绒服,66XL,藏青色 160,0
1116CA2,男童羽绒服,66 XL,藏青色160/103 XL,0
1116CA2,男童羽绒服,76M,墨绿色140/96M,0
1116CA2,男童羽绒服,66 L,藏青色150/98 L,0
1116CA2,男童羽绒服,42M,红色140/96 M,0
1116CA2,男童羽绒服,66S,藏青色130/93 S,0
1116CA2,男童羽绒服,76XL,墨绿色160/103 XL,0
1116CA2,男童羽绒服,76L,墨绿色150/98 L,0
3114CA1,羽绒服内胆背心,74Q,羽绒服内胆背心-充绒40G 100-110CM 果绿色,48
3114CA1,羽绒服内胆背心,42N,羽绒服内胆背心-充绒30G 80-90CM 大红色,48
3114CA1,羽绒服内胆背心,42O,羽绒服内胆背心-充绒35G 90-100CM 大红色,48
3114CA1,羽绒服内胆背心,51O,羽绒服内胆背心-充绒35G 90-100CM 果黄色,48
3114CA1,羽绒服内胆背心,51N,羽绒服内胆背心-充绒30G 80-90CM 果黄色,48
3114CA1,羽绒服内胆背心,74O,羽绒服内胆背心-充绒35G 90-100CM 果绿色,48
3114CA1,羽绒服内胆背心,42Q,羽绒服内胆背心-充绒40G 100-110CM 大红色,48
3114CA1,羽绒服内胆背心,51Q,羽绒服内胆背心-充绒40G 100-110CM 果黄色,48
3114CA1,羽绒服内胆背心,64N,羽绒服内胆背心-充绒30G 80-90CM 果蓝色,48
3114CA1,羽绒服内胆背心,74N,羽绒服内胆背心-充绒30G 80-90CM 果绿色,48
3114CA1,羽绒服内胆背心,64Q,羽绒服内胆背心-充绒40G 100-110CM 果蓝色,48
3114CA1,羽绒服内胆背心,64O,羽绒服内胆背心-充绒35G 90-100CM 果蓝色,48
3116BG2,可脱胆睡袋,47C-100CM,可脱胆睡袋无帽子-艾米丽 M,125
3116BG2,可脱胆睡袋,47C-80CM,可脱胆睡袋有帽子--艾米丽 S,115
3116BG2,可脱胆睡袋,52C-80CM,可脱胆睡袋有帽子-卡卡杜 S,115
3116BG2,可脱胆睡袋,62C-80CM,可脱胆睡袋有帽子-狂欢苏美尔 S,115
3116BG2,可脱胆睡袋,52C-100CM,可脱胆睡袋无帽子-卡卡杜 M,125
3116BG2,可脱胆睡袋,62F-100CM,可脱胆睡袋无帽子-狂欢苏美尔M,125
3115YA003,0PP编织快递袋制版费,80*60CM,小号编织袋版费80*60CM,400
3115YA003,0PP编织快递袋制版费,70*100CM,大号编织袋版费70*100CM,600
0115YA056,苏美尔,1,动物,0
0115YA056,苏美尔,2,圆点,0
2115BN5,特价床品10件套,30D,奇幻之旅特价床品-70*120CM,143
2115BN5,特价床品10件套,30C,奇幻之旅特价床品-60*110CM,143
2115BN5,特价床品10件套,31C,爵士庳晏丶鄞财-60*110CM,143
2115BN5,特价床品10件套,30E,奇幻之旅特价床品-70*130CM,143
2115BN5,特价床品10件套,50E,开心派对特价床品-70*130CM,0
2115BN5,特价床品10件套,31D,爵士庳晏丶鄞财-70*120CM,143
2115BN5,特价床品10件套,50D,开心派对特价床品-70*120CM,0
2115BN5,特价床品10件套,50C,开心派对特价床品-60*110CM,0
2115BN5,特价床品10件套,31E,爵士庳晏丶鄞财-70*130CM,143
2115DC1,反穿衣,50P,39*43CM黄色,0
2115DC1,反穿衣,63P,39*43CM蓝色,0
2115BN4,粉色八件套,46D,粉色床品八件套-70*120CM,0
2115BN4,粉色八件套,46E,粉色床品八件套-70*130CM,0
2115BN4,粉色八件套,46C,粉色床品八件套-60*110CM,0
0115YA041,床品无纺布包装袋,57*45*32cm,床品十件套 57*45*32CM,0
0115YA041,床品无纺布包装袋,43*40*16cm,防踢被小号，床帏 43*40*16CM,0
0115YA041,床品无纺布包装袋,60*40*20cm,防踢被大号_delete,0
3116DM6,春田花花-竹纤维纱布肚围,60H,竹纤维纱布肚围 浅蓝 17*68CM,6
3116DM6,春田花花-竹纤维纱布肚围,50H,竹纤维纱布肚围 浅黄 17*68CM,6
1115BN1,防踢被,46I,粉色小熊75*120CM,0
1115BN1,防踢被,46H,粉色小熊120*150CM,0
1115BN1,防踢被,50I,开心派对75*120cm,0
1115BN1,防踢被,61H ,狂欢苏美尔120*150CM,0
1115BN1,防踢被,47I,艾米利75*120CM,0
1115BN1,防踢被,52I,卡卡杜75*120CM,0
1115BN1,防踢被,52H,卡卡杜120*150CM,0
1115BN1,防踢被,47H,艾米利120*150CM,0
1115BN1,防踢被,50H,开心派对120*150cm,0
1115BN1,防踢被,61I,狂欢苏美尔75*120CM,0
2116BI005,抱被,52G,小熊,0
2116BI005,抱被,12G,彩点,0
2116BI005,抱被,34G,奶牛,0
2116BI005,抱被,61G,蓝底动物,0
3115BF4,乳胶枕枕套,71J,乳胶枕枕套 绿色 47*28CM,10
3115YA005,吸汗巾头部印花制版费,均码,吸汗巾胚布印花制版费,6000
3115YA005,吸汗巾头部印花制版费,6个花型,吸汗巾胚布印花头部费用,0.58
0115BE4,开心字母床单,50G,花色100*150,16.71
0115BE4,开心字母床单,50G,100*150_delete,16.71
0995CE1,印花连体衣,55D,彩色方块 9个月,0
0995CE1,印花连体衣,21C,机器人 6个月,0
0995CE1,印花连体衣,55B,彩色方块 3个月,0
0995CE1,印花连体衣,82D,花朵 9个月,0
0995CE1,印花连体衣,77B,四叶草 3个月,0
0995CE1,印花连体衣,21B,机器人 3个月,0
0995CE1,印花连体衣,55C,彩色方块 6个月,0
0995CE1,印花连体衣,77C,四叶草 6个月,0
0995CE1,印花连体衣,82B,花朵 3个月,0
0995CE1,印花连体衣,82C,花朵 6个月,0
0995CE1,印花连体衣,21D,机器人 9个月,0
0995CE1,印花连体衣,77D,四叶草 9个月,0
3115BF2,荞麦枕,53H,荞麦枕-苏美尔 30*50+3CM,18
3115BF2,荞麦枕,47H,荞麦枕-艾米丽 30*50+3CM,18
3115BF2,荞麦枕,71H,荞麦枕-卡卡杜 30*50+3CM,18
1112CE3,爱的抱抱 护手脚套,30M,脚套 一副装 均码_delete,4.1
1112CE3,爱的抱抱 护手脚套,30M ,纱布脚套,4.1
1112CE3,爱的抱抱 护手脚套,30L,纱布手套,4.1
3112BK11,亚麻草竹炭婴儿床席（升级版）,71G,亚麻草竹炭婴儿床席（升级版）60*120CM,28.5
3112BK11,亚麻草竹炭婴儿床席（升级版）,71E,亚麻草竹炭婴儿床席（升级版）70*130CM,36
3112BK11,亚麻草竹炭婴儿床席（升级版）,71C,亚麻草竹炭婴儿床席（升级版）60*110CM,27
2115BM3,3D隔尿垫,53J,桔色60*100cm,0
2115BM3,3D隔尿垫,70J,绿色60*100cm预售_delete,0
2115BM3,3D隔尿垫,12J,彩色小熊60*100cm预售_delete,0
2115BM3,3D隔尿垫,53E,桔色70*120cm预售_delete,0
2115BM3,3D隔尿垫,63I ,蓝色50*70cm,0
2115BM3,3D隔尿垫,50JZ,竹棉黄色60*100CM,19.5
2115BM3,3D隔尿垫,50E ,黄色70*120cm,0
2115BM3,3D隔尿垫,53E ,桔色70*120cm ,0
2115BM3,3D隔尿垫,50IZ,竹棉黄色 50*70CM,13.5
2115BM3,3D隔尿垫,63G ,蓝色36*45cm,0
2115BM3,3D隔尿垫,50I,黄色50*70cm预售9.13_delete,0
2115BM3,3D隔尿垫,12J ,彩色小熊60*100cm,0
2115BM3,3D隔尿垫,63E ,蓝色70*120cm,0
2115BM3,3D隔尿垫,12E ,彩色小熊70*120cm,0
2115BM3,3D隔尿垫,50I ,黄色50*70cm,0
2115BM3,3D隔尿垫,12G,彩色小熊36*45cm,0
2115BM3,3D隔尿垫,12E,彩色70*120cm,0
2115BM3,3D隔尿垫,63G,蓝色36*45cm预售_delete,0
2115BM3,3D隔尿垫,60EZ,竹棉蓝色70*120CM,26.5
2115BM3,3D隔尿垫,50E,黄色70*120cm 预售_delete,0
2115BM3,3D隔尿垫,70G,绿色36*45cm预售_delete,0
2115BM3,3D隔尿垫,63J ,蓝色60*100cm,0
2115BM3,3D隔尿垫,12I,彩色小熊50*70cm,0
2115BM3,3D隔尿垫,70G ,绿色36*45cm,0
2115BM3,3D隔尿垫,50G,黄色36*45cm,0
2115BM3,3D隔尿垫,63I,蓝色50*70cm_delete,0
2115BM3,3D隔尿垫,50J,黄色60*100cm 预售_delete,0
2115BM3,3D隔尿垫,12J,彩色60*100cm,0
2115BM3,3D隔尿垫,53I ,桔色50*70cm,0
2115BM3,3D隔尿垫,53I,桔色50*70cm预售_delete,0
2115BM3,3D隔尿垫,70E,绿色70*120cm预售_delete,0
2115BM3,3D隔尿垫,63E,蓝色70*120cm预售_delete,0
2115BM3,3D隔尿垫,60JZ,竹棉蓝色60*100CM,19.5
2115BM3,3D隔尿垫,70I ,绿色50*70cm,0
2115BM3,3D隔尿垫,70I,绿色50*70cm预售_delete,0
2115BM3,3D隔尿垫,50J ,黄色60*100cm,0
2115BM3,3D隔尿垫,60IZ,竹棉蓝色50*70CM,13.5
2115BM3,3D隔尿垫,63J,蓝色60*100cm预售_delete,0
2115BM3,3D隔尿垫,50EZ,竹棉黄色70*120CM,26.5
2115BM3,3D隔尿垫,70E ,绿色70*120cm,0
2115BM3,3D隔尿垫,12E,彩色小熊70*120cm预售_delete,0
2115BM3,3D隔尿垫,53G,桔色36*45cm,0
2115BM3,3D隔尿垫,70J ,绿色60*100cm,0
2115BM3,3D隔尿垫,53E,桔色70*120cm,0
9115BH2,素色毯,60A,粉蓝,0
9115BH2,素色毯,31A,米白,0
9115BH2,素色毯,46A,粉红,0
3115BM4,null,50I,竹棉隔尿垫-浅黄色M 50*70CM_delete,11
3115BM4,null,60I,竹棉隔尿垫-浅蓝色M 50*70CM_delete,11
3115BM4,null,50J,竹棉隔尿垫-浅黄色L 60*100CM_delete,16
3115BM4,null,60E,竹棉隔尿垫-浅蓝色XL 70*120CM_delete,20
3115BM4,null,60J,竹棉隔尿垫-浅蓝色L 60*100CM_delete,16
3115BM4,null,50E,竹棉隔尿垫-浅黄色XL 70*120CM_delete,20
2115ZB1,柔湿巾,30Z,爱护10片装柔湿巾,1.5
2115ZB1,柔湿巾,12Z,贝亲10片装柔湿巾,2.25
1113CA1,斗篷披肩,34M,奶牛衣长48CM短款,0
1113CA1,斗篷披肩,95Z,米黄色,0
1113CA1,斗篷披肩,34L,奶牛衣长60CM长款,0
1113CA1,斗篷披肩,20547084778,浅咖色 均码0-6岁左右_delete,0
1113CA1,斗篷披肩,61M,蓝色衣长48CM短款,0
1113CA1,斗篷披肩,52M,小熊衣长48CM短款,0
1113CA1,斗篷披肩,61L,蓝色衣长60CM长款,0
1113CA1,斗篷披肩,95H,浅咖色,0
1113CA1,斗篷披肩,12L,圆点衣长60CM长款,0
1113CA1,斗篷披肩,52L,小熊衣长60CM长款,0
1113CA1,斗篷披肩,12M,圆点衣长48CM短款,0
2115ZC2,手提袋,90E,小号无纺布手提礼品袋38*29*10,0
3116CB1,空气层护肚裤,41K,空气层护肚裤 66CM 红色圆点,13
3116CB1,空气层护肚裤,71K,空气层护肚裤 66CM 绿色圆点,13
3116CB1,空气层护肚裤,41M,空气层护肚裤 80CM 红色圆点,13
3116CB1,空气层护肚裤,67O,空气层护肚裤 100CM 蓝色条纹,13
3116CB1,空气层护肚裤,73O,空气层护肚裤 100CM 绿色条纹,13
3116CB1,空气层护肚裤,73M,空气层护肚裤 80CM 绿色条纹,13
3116CB1,空气层护肚裤,71O,空气层护肚裤 100CM 绿色圆点,13
3116CB1,空气层护肚裤,62L,空气层护肚裤 73CM 蓝色圆点,13
3116CB1,空气层护肚裤,67L,空气层护肚裤 73CM 蓝色条纹,13
3116CB1,空气层护肚裤,73L,空气层护肚裤 73CM 绿色条纹,13
3116CB1,空气层护肚裤,41L,空气层护肚裤 73CM 红色圆点,13
3116CB1,空气层护肚裤,62K,空气层护肚裤 66CM 蓝色圆点,13
3116CB1,空气层护肚裤,47O,空气层护肚裤 100CM 粉色条纹,13
3116CB1,空气层护肚裤,62M,空气层护肚裤 80CM 蓝色圆点,13
3116CB1,空气层护肚裤,71N,空气层护肚裤 90CM 绿色圆点,13
3116CB1,空气层护肚裤,47L,空气层护肚裤 73CM 粉色条纹,13
3116CB1,空气层护肚裤,41O,空气层护肚裤 100CM 红色圆点,13
3116CB1,空气层护肚裤,47M,空气层护肚裤 80CM 粉色条纹,13
3116CB1,空气层护肚裤,62N,空气层护肚裤 90CM 蓝色圆点,13
3116CB1,空气层护肚裤,41N,空气层护肚裤 90CM 红色圆点,13
3116CB1,空气层护肚裤,47K,空气层护肚裤 66CM 粉色条纹,13
3116CB1,空气层护肚裤,71L,空气层护肚裤 73CM 绿色圆点,13
3116CB1,空气层护肚裤,73N,空气层护肚裤 90CM 绿色条纹,13
3116CB1,空气层护肚裤,73K,空气层护肚裤 66CM 绿色条纹,13
3116CB1,空气层护肚裤,71M,空气层护肚裤 80CM 绿色圆点,13
3116CB1,空气层护肚裤,67M,空气层护肚裤 80CM 蓝色条纹,13
3116CB1,空气层护肚裤,67N,空气层护肚裤 90CM 蓝色条纹,13
3116CB1,空气层护肚裤,47N,空气层护肚裤 90CM 粉色条纹,13
3116CB1,空气层护肚裤,67K,空气层护肚裤 66CM 蓝色条纹,13
3116CB1,空气层护肚裤,62O,空气层护肚裤 100CM 蓝色圆点,13
0115BA16,粉色小熊8件套床品,46D,被芯加厚款 120*70,194
0115BA16,粉色小熊8件套床品,46C,被芯加厚款 110*60 ,194
3115DM5,null,60H,全棉肚围蓝色狮子,8.3
3115DM5,null,52H,全棉肚围黄色小象,8.3
2112BL1,婴儿蚊帐,46Z,浅粉,68
2112BL1,婴儿蚊帐,60Z,粉蓝,68
3115BA1,null,53M,床品三件套-苏美尔 110*130CM_delete_delete,66
3115BA1,null,47L,床品三件套-艾米丽 120*150CM_delete,68
3115BA1,null,71L,床品三件套-卡卡杜 120*150CM_delete,68
3115BA1,null,47M,床品三件套-艾米丽 110*130CM_delete,66
3115BA1,null,71M,床品三件套-卡卡杜 110*130CM_delete,66
3115BA1,null,53L,床品三件套-苏美尔 120*150CM_delete,68
3116BG7,底端不可脱胆睡袋,47H-120G,底端不可脱胆睡袋-120G 120CM 粉色,70
3116BG7,底端不可脱胆睡袋,52H,底端不可脱胆睡袋-60G 120CM 黄色,64
3116BG7,底端不可脱胆睡袋,52H-220G,底端不可脱胆睡袋-220G 120CM 黄色,72
3116BG7,底端不可脱胆睡袋,64J,底端不可脱胆睡袋-60G 140CM 蓝色,74
3116BG7,底端不可脱胆睡袋,52J,底端不可脱胆睡袋-60G 140CM 黄色,74
3116BG7,底端不可脱胆睡袋,47H-220G,底端不可脱胆睡袋-220G 120CM 粉色,72
3116BG7,底端不可脱胆睡袋,47J-120G,底端不可脱胆睡袋-120G 140CM 粉色,78
3116BG7,底端不可脱胆睡袋,47J-220G,底端不可脱胆睡袋-220G 140CM 粉色,84
3116BG7,底端不可脱胆睡袋,62L-220G,底端不可脱胆睡袋-220G 90CM 蓝色,55
3116BG7,底端不可脱胆睡袋,62J-220G,底端不可脱胆睡袋-220G 140CM 蓝色,84
3116BG7,底端不可脱胆睡袋,52L-120G,底端不可脱胆睡袋-120G 90CM 黄色,51
3116BG7,底端不可脱胆睡袋,52J-120G,底端不可脱胆睡袋-120G 140CM 黄色,78
3116BG7,底端不可脱胆睡袋,52L-220G,底端不可脱胆睡袋-220G 90CM 黄色,55
3116BG7,底端不可脱胆睡袋,47L,底端不可脱胆睡袋-60G 90CM 粉色,48
3116BG7,底端不可脱胆睡袋,47L-220G,底端不可脱胆睡袋-220G 90CM 粉色,55
3116BG7,底端不可脱胆睡袋,62H-220G,底端不可脱胆睡袋-220G 120CM 蓝色,72
3116BG7,底端不可脱胆睡袋,52L,底端不可脱胆睡袋-60G 90CM 黄色,48
3116BG7,底端不可脱胆睡袋,62J-120G,底端不可脱胆睡袋-120G 140CM 蓝色,78
3116BG7,底端不可脱胆睡袋,52H-120G,底端不可脱胆睡袋-120G 120CM 黄色,70
3116BG7,底端不可脱胆睡袋,62L-120G,底端不可脱胆睡袋-120G 90CM 蓝色,51
3116BG7,底端不可脱胆睡袋,52J-220G,底端不可脱胆睡袋-220G 140CM 黄色,84
3116BG7,底端不可脱胆睡袋,62H-120G,底端不可脱胆睡袋-120G 120CM 蓝色,70
3116BG7,底端不可脱胆睡袋,62H,底端不可脱胆睡袋-60G 120CM 蓝色,64
3116BG7,底端不可脱胆睡袋,47H,底端不可脱胆睡袋-60G 120CM 粉色,64
3116BG7,底端不可脱胆睡袋,47J,底端不可脱胆睡袋-60G 140CM 粉色,74
3116BG7,底端不可脱胆睡袋,47L-120G,底端不可脱胆睡袋-120G 90CM 粉色,51
3116BG7,底端不可脱胆睡袋,62L,底端不可脱胆睡袋-60G 90CM 蓝色,48
2115BF3,记忆枕,31E,55*30*2+1.5cm米白大号,0
2115BF3,记忆枕,31F,40*26*1.5+1cm米白小号,0
2115BF3,记忆枕,2115BF3,记忆枕_delete,0
2115BF3,记忆枕,31C,45*26*1.5+1cm米白中号,0
9115CC4,绣花翻毛女靴,49F,桃红 18码/14cm,0
9115CC4,绣花翻毛女靴,49E,桃红 17码/13.5cm,0
9115CC4,绣花翻毛女靴,49D,桃红 15码/12.5cm,0
11BMZH01,肚围两件套餐,9805791554,黄色+蓝色 均码,0
11BMZH01,肚围两件套餐,17235237611,黄色+蓝色 90,0
11BMZH01,肚围两件套餐,17235237612,黄色+粉色 90,0
11BMZH01,肚围两件套餐,17235237610,粉色+蓝色 90,0
11BMZH01,肚围两件套餐,9805791586,黄色+粉色 均码,0
11BMZH01,肚围两件套餐,9805791490,粉色+蓝色 均码,0
0116BI1,全棉抱被,60D,兔宝宝无印花蓝色款 现货,0
0116BI1,全棉抱被,61D,兔宝宝印花蓝色款,0
0116BI1,全棉抱被,46D,粉色小熊粉色里布款,0
0116BI1,全棉抱被,67D,海盗船长棉毛布抱被,0
0116BI1,全棉抱被,50D,粉色小熊黄色里布款,0
0116BI1,全棉抱被,62D,乖乖虎,0
3112BK9,婴儿蔺草床席-优尼熊,71I,婴儿蔺草枕席-优尼熊 32*55CM 绿色_delete,5.8
3112BK9,婴儿蔺草床席-优尼熊,71D,婴儿蔺草床席-优尼熊 60*120CM 绿色,20.8
2116BG8,可脱胆睡袋棉花内胆,30ZBH,秋冬加厚棉花内胆 150CM（M号+成长包内胆）,0
2116BG8,可脱胆睡袋棉花内胆,30FH,65*100cm 大号内胆秋冬厚,0
2116BG8,可脱胆睡袋棉花内胆,30A,75*50cm 成长包内胆春秋薄,0
2116BG8,可脱胆睡袋棉花内胆,30ZAH,秋冬加厚棉花内胆 120CM（S号+成长包内胆）,0
2116BG8,可脱胆睡袋棉花内胆,30KH,棉花内胆(S号) 加厚,0
2116BG8,可脱胆睡袋棉花内胆,30K,65*70cm小号内胆春秋薄,0
2116BG8,可脱胆睡袋棉花内胆,30AH,75*50cm 成长包内秋冬厚,0
2116BG8,可脱胆睡袋棉花内胆,30F,65*100cm大号内胆春秋薄,0
2116BG8,可脱胆睡袋棉花内胆,30KH ,65*70cm小号内胆秋冬厚,0
0115YA003,吊牌,3,36+6*30cm_delete,0
0115YA003,吊牌,1,200G彩色铜版纸 ,0.03
0115YA003,吊牌,2,300G彩色铜版纸,0
0115YA003,吊牌,2,46+8*30cm_delete,0
3112BL3,床罩,30C,婴儿床罩蚊帐 60*120CM,12.3
3112BL3,床罩,30,婴儿床罩蚊帐 70*140CM,12.8
3115YA004,OPP覆膜快递袋,70*100CM,大号编织袋70*100CM,2.6
3115YA004,OPP覆膜快递袋,60*80CM,小号编织袋60*80CM,1.8
3112BK5,手臂席,90E,喜洋洋咖啡手臂席,0
3112BK5,手臂席,70E,喜洋洋绿色手臂席,0
3112BK5,手臂席,61E,喜洋洋天蓝色手臂席,0
0115YA073,信封,1, 100G双胶纸 11*15.5CM,0
0115YA073,信封,2,null,0
0996CB1,全棉薄棉裤,78H,灰绿色 36-48个月,0
0996CB1,全棉薄棉裤,81F,浅紫色 18-24个月,0
0996CB1,全棉薄棉裤,81G,浅紫色 24-36个月,0
0996CB1,全棉薄棉裤,48F,粉红色 18-24个月,0
0996CB1,全棉薄棉裤,78E,灰绿色 12-18个月,0
0996CB1,全棉薄棉裤,48E,粉红色 12-18个月,0
0996CB1,全棉薄棉裤,66G,深蓝色 24-36个月,0
0996CB1,全棉薄棉裤,97E,卡其色 12-18个月,0
0996CB1,全棉薄棉裤,97F,卡其色 18-24个月,0
0996CB1,全棉薄棉裤,97G,卡其色 24-36个月,0
0996CB1,全棉薄棉裤,78F,灰绿色 18-24个月,0
0996CB1,全棉薄棉裤,48H,粉红色 36-48个月,0
0996CB1,全棉薄棉裤,66H,深蓝色 36-48个月,0
0996CB1,全棉薄棉裤,81E,浅紫色 12-18个月,0
0996CB1,全棉薄棉裤,78G,灰绿色 24-36个月,0
0996CB1,全棉薄棉裤,66E,深蓝色 12-18个月,0
0996CB1,全棉薄棉裤,66F,深蓝色 18-24个月,0
0996CB1,全棉薄棉裤,81H,浅紫色 36-48个月,0
0996CB1,全棉薄棉裤,97H,卡其色 36-48个月,0
0996CB1,全棉薄棉裤,48G,粉红色 24-36个月,0
0112BK3,竹炭三层植物纤维凉席,71E,三层凉席阳光派对130*70,36
0112BK3,竹炭三层植物纤维凉席,75G,三层凉席天使小熊120*60,28
0112BK3,竹炭三层植物纤维凉席,71GX,新版三层凉席阳光派对120*60_delete,28.5
0112BK3,竹炭三层植物纤维凉席,71C,三层凉席阳光派对110*60,27
0112BK3,竹炭三层植物纤维凉席,71EX,新版三层凉席阳光派对130*70_delete,36
0112BK3,竹炭三层植物纤维凉席,71G,三层凉席阳光派对120*60,28.5
0112BK3,竹炭三层植物纤维凉席,71CX,新版三层凉席阳光派对110*60_delete,27
3115YA008,塑料袋/礼品袋,46.5*46*17CM,高压膜14丝 46.5*46*17CM,1.6
3115YA008,塑料袋/礼品袋,小号,高压膜14丝 版费 36.5*37.10CM,800
3115YA008,塑料袋/礼品袋,大号,高压膜14丝 版费46.5*46*17CM,1000
3115YA008,塑料袋/礼品袋,36.5*37.10CM,高压膜14丝 36.5*37.10CM,1
1112BG130G,null,30G,大号睡袋,0
1112BG130G,null,30C,小号睡袋,0
0112DA1,爱的抱抱纱布浴巾,30E,70*120,41.72
0115BG13,90g100CM中开睡袋,31F,动物园米色,68
0115BG13,90g100CM中开睡袋,46F,乖乖熊粉色,63.37
0115BG13,90g100CM中开睡袋,60F,乖乖熊蓝色,63.37
2116CD1,童帽,34A,咖啡奶牛-头围42CM,0
2116CD1,童帽,46D,粉色小兔-头围46CM,0
2116CD1,童帽,51D,黄色小熊-头围46CM,0
2116CD1,童帽,51AZ,黄色 帽子+围巾 头围42cm,0
2116CD1,童帽,31AZ,咖啡色 帽子+围巾 头围42cm,0
2116CD1,童帽,34D,咖啡色 只含帽子 头围46cm_delete,0
2116CD1,童帽,51DZ,黄色小熊帽子围巾组合-头围46CM_delete,0
2116CD1,童帽,34A,咖啡色 只含帽子 头围42cm_delete,0
2116CD1,童帽,51AZ,黄色小熊帽子围巾组合-头围42CM_delete,0
2116CD1,童帽,51A,黄色小熊-头围42CM,0
2116CD1,童帽,31AZ,咖啡奶牛帽子围巾组合-头围42CM_delete,0
2116CD1,童帽,46A,粉色小兔-头围42CM,0
2116CD1,童帽,34D,咖啡奶牛-头围46CM,0
2116CD1,童帽,31DZ,咖啡色 帽子+围巾 头围46cm,0
2116CD1,童帽,31DZ,咖啡奶牛帽子围巾组合-头围46CM_delete,0
2116CD1,童帽,51DZ,黄色 帽子+围巾 头围46cm,0
3115DA1,春田花花-竹纤维纱布浴巾,35K,竹纤维纱布浴巾 白色 80*120cm,24
0115YA068,发货单,2,210*140CM王子双胶纸,0.06
0115YA068,发货单,1,210*140铜版纸150G,0.08
2116CE2,学习裤,27B,27CM男童 3条装,0
2116CE2,学习裤,30G,30CM女童 3条装,0
2116CE2,学习裤,30B,30CM男童 3条装,0
2116CE2,学习裤,27G,27CM女童 3条装,0
2116CE2,学习裤,29B,29CM男童 3条装,0
2116CE2,学习裤,29G,29CM女童 3条装,0
3116DB1,春田花花-竹纤维口罩,60R,竹纤维纱布口罩 浅蓝L 20*12.5CM,1.9
3116DB1,春田花花-竹纤维口罩,50S,竹纤维纱布口罩 浅黄S 14*10CM,1.7
3116DB1,春田花花-竹纤维口罩,60S,竹纤维纱布口罩 浅蓝S 14*10CM,1.7
3116DB1,春田花花-竹纤维口罩,50R,竹纤维纱布口罩 浅黄L 20*12.5CM,1.9
0115BA13,开心派对8件套床品,9725824371,婴方喜版本 110*60_delete,194
0115BA13,开心派对8件套床品,6295375827,优尼世界版本 130*70_delete,194
0115BA13,开心派对8件套床品,15801933114,优尼世界版本 110*60加厚款_delete,0
0115BA13,开心派对8件套床品,50D,优尼世界版本 120*70,194
0115BA13,开心派对8件套床品,15801933113,优尼世界版本 130*70加厚款_delete,0
0115BA13,开心派对8件套床品,15804294673,蓝色 110*60_delete,0
0115BA13,开心派对8件套床品,15801981914,浅黄色 110*60_delete,0
0115BA13,开心派对8件套床品,17407524861,蓝色 120*70_delete,0
0115BA13,开心派对8件套床品,15801981913,浅黄色 130*70_delete,0
0115BA13,开心派对8件套床品,15801981915,浅黄色 120*70_delete,0
0115BA13,开心派对8件套床品,9725824387,婴方喜版本 120*70_delete,194
0115BA13,开心派对8件套床品,50C,优尼世界版本 110*60,194
0115BA13,开心派对8件套床品,15801933115,优尼世界版本 120*70加厚款_delete,0
0115BA13,开心派对8件套床品,15803153890,婴方喜版本 110*60加厚款_delete,0
0115BA13,开心派对8件套床品,15805194196,婴方喜版本 120*70加厚款_delete,0
0115BA13,开心派对8件套床品,50E,婴方喜版本 130*70,194
3115BF6,卡通荞麦枕,53L,卡通荞麦枕 黄色小熊 56*25CM,13.5
3115BF6,卡通荞麦枕,45L,卡通荞麦枕 粉色兔子 56*25CM,13.5
3115BF6,卡通荞麦枕,63L,卡通荞麦枕 蓝色大象 56*25CM,13.5
3116BI1,春田花花-竹纤维纱布抱被,50H,竹纤维纱布抱被 浅黄 80*80CM,22
3116BI1,春田花花-竹纤维纱布抱被,60H,竹纤维纱布抱被 浅蓝 80*80CM,22
0115YA022,null,1,大森林A,0
0115YA022,null,2,大森林B,0
3115BF7,荞麦枕45*30CM,62M,小熊气球蓝-荞麦枕 45*30CM,12
3115BF7,荞麦枕45*30CM,30M,动物园-荞麦枕 45*30CM,12
3115BF7,荞麦枕45*30CM,61M,星星狮子-荞麦枕 45*30CM,12
3115BF7,荞麦枕45*30CM,31M,小熊爪印-荞麦枕 45*30CM,12
3115BF7,荞麦枕45*30CM,47M,春天猫咪-荞麦枕 45*30CM,12
3115BF7,荞麦枕45*30CM,56M,小鹿泡泡-荞麦枕 45*30CM,12
3115BF7,荞麦枕45*30CM,52M,熊宝乐园荞麦枕 45*30CM,12
3116BG6,空气层有脚睡袋,71L,空气层有脚睡袋 61*90CM 绿色圆点,28
3116BG6,空气层有脚睡袋,62O,空气层有脚睡袋 51*75CM 蓝色圆点,21
3116BG6,空气层有脚睡袋,41O,空气层有脚睡袋 51*75CM 红色圆点 ,21
3116BG6,空气层有脚睡袋,62U,苏美尔加厚成长包 50*75CM_delete,41.5
3116BG6,空气层有脚睡袋,62L,空气层有脚睡袋 61*90CM 蓝色圆点,28
3116BG6,空气层有脚睡袋,71O,空气层有脚睡袋 51*75CM 绿色圆点,21
3116BG6,空气层有脚睡袋,41L,空气层有脚睡袋 61*90CM 红色圆点,28
2115BO4,被套,52M,卡卡杜被套110*130CM,0
2115BO4,被套,50M,开心派对被套110*130CM,0
2115BO4,被套,60M,苏美尔被套110*130CM,0
0996CD6,小驯鹿护耳帽,60B,粉蓝 均码 均码,0
0996CD6,小驯鹿护耳帽,50B,粉黄 均码 均码,0
9116BG4,天鹅绒睡袋海盗船长小河马,15932435254,预计10月18日发货_delete,93.18
9116BG4,天鹅绒睡袋海盗船长小河马,50G,海盗船长105cm,102
9116BG4,天鹅绒睡袋海盗船长小河马,50HZ,开心气球120*70CM_delete,93.18
9116BG4,天鹅绒睡袋海盗船长小河马,50H,海盗船长120cm,109
9116BG4,天鹅绒睡袋海盗船长小河马,50E,海盗船长95cm,99
9116BG4,天鹅绒睡袋海盗船长小河马,50EZ,开心气球95CM_delete,93.18
9116BG4,天鹅绒睡袋海盗船长小河马,50GZ,开心气球105cm_delete,93.18
9116BG4,天鹅绒睡袋海盗船长小河马,47G,小河马105CM,104
9116BG4,天鹅绒睡袋海盗船长小河马,15932491966,预计10月20日发货_delete,93.18
9116BG4,天鹅绒睡袋海盗船长小河马,47E,小河马95cm,101
9115BA7,丛林动物8件套床品,12F,花色 130*70CM,0
9115BA7,丛林动物8件套床品,12E,花色 140*70CM,0
9115BA7,丛林动物8件套床品,12D,花色 120*70CM,0
2115BA21,六件套,50C,60*110CM,0
2115BA21,六件套,50E,70*130CM,0
2115BA21,六件套,50D,70*120CM,0
0996CA1,精梳全棉针织毛衣,66G,深蓝彩条 90cm,0
0996CA1,精梳全棉针织毛衣,21G,灰色 90cm,0
0996CA1,精梳全棉针织毛衣,20I,浅灰细条 100cm,0
0996CA1,精梳全棉针织毛衣,13E,浅灰宽条 80cm,0
0996CA1,精梳全棉针织毛衣,21E,灰色 80cm,0
0996CA1,精梳全棉针织毛衣,22G,深灰彩条 90cm,0
0996CA1,精梳全棉针织毛衣,12I,彩虹条 100cm,0
0996CA1,精梳全棉针织毛衣,12E,彩虹条 80cm,0
0996CA1,精梳全棉针织毛衣,66I,深蓝彩条 100cm,0
0996CA1,精梳全棉针织毛衣,20E,浅灰细条 80cm,0
0996CA1,精梳全棉针织毛衣,61I,浅蓝宽条 100cm,0
0996CA1,精梳全棉针织毛衣,13G,浅灰宽条 90cm,0
0996CA1,精梳全棉针织毛衣,22E,深灰彩条 80cm,0
0996CA1,精梳全棉针织毛衣,61E,浅蓝宽条 80cm,0
0996CA1,精梳全棉针织毛衣,20G,浅灰细条 90cm,0
0996CA1,精梳全棉针织毛衣,21I,灰色 100cm,0
0996CA1,精梳全棉针织毛衣,22I,深灰彩条 100cm,0
0996CA1,精梳全棉针织毛衣,61G,浅蓝宽条 90cm,0
0996CA1,精梳全棉针织毛衣,66E,深蓝彩条 80cm,0
0996CA1,精梳全棉针织毛衣,12G,彩虹条 90cm,0
0996CA1,精梳全棉针织毛衣,13I,浅灰宽条 100cm,0
9115CA2,羽毛纱小外套,15772846177,粉蓝 59_delete,0
9115CA2,羽毛纱小外套,60E,粉蓝 12-18个月夹克衫,0
9115CA2,羽毛纱小外套,60F,粉蓝 18-24个月夹克衫,0
9115CA2,羽毛纱小外套,31C1,米白6-12个月开襟衫+帽_delete,0
9115CA2,羽毛纱小外套,46E,粉红 12-18个月夹克衫,0
9115CA2,羽毛纱小外套,31C,米白 6-12个月夹克衫,0
9115CA2,羽毛纱小外套,24025007116,粉蓝 6-12个月开襟衫+帽,0
9115CA2,羽毛纱小外套,15757678909,咖啡 12-18个月_delete,0
9115CA2,羽毛纱小外套,31F,米白 18-24个月夹克衫,0
9115CA2,羽毛纱小外套,46C,粉红 6-12个月夹克衫,0
9115CA2,羽毛纱小外套,17310792757,咖啡 18-24个月_delete,0
9115CA2,羽毛纱小外套,16244047390,咖啡 6-12个月_delete,0
9115CA2,羽毛纱小外套,31B,米白6-12个月开襟衫+帽,0
9115CA2,羽毛纱小外套,60C,粉蓝 6-12个月夹克衫,0
9115CA2,羽毛纱小外套,15772846176,咖啡 59_delete,0
9115CA2,羽毛纱小外套,92F,摩卡 18-24个月夹克衫,0
9115CA2,羽毛纱小外套,92C,摩卡 6-12个月夹克衫,0
9115CA2,羽毛纱小外套,60B,粉蓝6-12个月开襟衫+帽,0
9115CA2,羽毛纱小外套,92E,摩卡 12-18个月夹克衫,0
9115CA2,羽毛纱小外套,46B,粉红6-12个月开襟衫+帽,0
9115CA2,羽毛纱小外套,15772846178,米白 59_delete,0
9115CA2,羽毛纱小外套,92C1,摩卡6-12个月_delete,0
9115CA2,羽毛纱小外套,31E,米白 12-18个月夹克衫,0
9115CA2,羽毛纱小外套,46C1,粉红6-12个月_delete,0
9115CA2,羽毛纱小外套,60C1,粉蓝_delete,0
9115CA2,羽毛纱小外套,92B,摩卡6-12个月开襟衫+帽,0
9115CA2,羽毛纱小外套,46F,粉红 18-24个月夹克衫,0
3112BG1,春田花花-竹纤维纱布小睡袋,60R,竹纤维纱布小睡袋 浅蓝 38*68CM,27
3112BG1,春田花花-竹纤维纱布小睡袋,50R,竹纤维纱布小睡袋 浅黄 38*68cm,27
0115YA072,贺卡,2,240G蓝印纸 8.5*11,0
2115BN3,黄色八件套,52C,黄色印花八件套60*110cm,0
2115BN3,黄色八件套,52D,黄色印花八件套120*70cm,0
2115BN3,黄色八件套,52E,黄色印花八件套70*130cm,0
2115BN10,粉色床品三件套,46C,粉色床品三件套-110*130,0
2115BN10,粉色床品三件套,46H,粉色床品三件套-120*150CM,0
0112BH1,竹纤维方格童毯,31M,华夫格童毯象牙白100*120CM_delete,0
0112BH1,竹纤维方格童毯,46H,方格童毯粉红120*150CM,0
0112BH1,竹纤维方格童毯,60H,方格童毯粉蓝120*150,0
0112BH1,竹纤维方格童毯,60M,华夫格童毯粉蓝100*120CM_delete,0
0112BH1,竹纤维方格童毯,60C,方格童毯粉蓝85*100,0
0112BH1,竹纤维方格童毯,46C,方格童毯粉红85*100CM,0
0112BH1,竹纤维方格童毯,70H,方格童毯粉绿120*150cm,0
0112BH1,竹纤维方格童毯,70C,方格童毯粉绿85*100cm,0
0112BH1,竹纤维方格童毯,46M,华夫格童毯浅粉100*120CM_delete,0
3112BD1,床围,K 40*65CM 卡卡杜,卡卡杜浅色-床围 40*65CM*1/28*120CM*2/65*28CM*1,0
3112BD1,床围,J 40*60CM 新花型,新花型-床围 40*60CM*1/28*105CM*2/60*28CM*1,0
3112BD1,床围,K 40*65CM 新花型,新花型 - 床围40*65CM*1/28*120CM*2/65*28CM*1,0
3112BD1,床围,J 40*60CM 卡卡杜,卡卡杜浅色-床围 40*60CM*1/28*105CM*2/60*28CM*1,0
1116CA4,羊绒衫,28G,中灰色-90-100CM,0
1116CA4,羊绒衫,62G,蓝色-90-100CM,0
1116CA4,羊绒衫,53E,橘色-80-90CM,0
1116CA4,羊绒衫,53G,橘色-90-100CM,0
1116CA4,羊绒衫,71J,绿色-110-120CM,0
1116CA4,羊绒衫,53J,橘色-110-120CM,0
1116CA4,羊绒衫,81G,紫色-90-100CM,0
1116CA4,羊绒衫,81J,紫色-110-120CM,0
1116CA4,羊绒衫,81E,紫色-80-90CM,0
1116CA4,羊绒衫,71E,绿色-80-90CM,0
1116CA4,羊绒衫,62I,蓝色-100-110CM,0
1116CA4,羊绒衫,71I,绿色-100-110CM,0
1116CA4,羊绒衫,81I,紫色-100-110CM,0
1116CA4,羊绒衫,53I,橘色-100-110CM,0
1116CA4,羊绒衫,62E,蓝色-80-90CM,0
1116CA4,羊绒衫,28E,中灰色-80-90CM,0
1116CA4,羊绒衫,62J,蓝色-110-120CM,0
1116CA4,羊绒衫,71G,绿色-90-100CM,0
1116CA4,羊绒衫,28I,中灰色-100-110CM,0
1116CA4,羊绒衫,28J,中灰色-110-120CM,0
3113BI3,全棉新生儿襁褓,52I,全棉新生儿襁褓-黄色狮子 53*72CM,16.5
3113BI3,全棉新生儿襁褓,62I,全棉新生儿襁褓-蓝色大象 53*72CM,16.5
3112BK7,竹炭三层植物纤维枕片,71I,三层枕片阳光派对 30*55CM ,7
3112BK7,竹炭三层植物纤维枕片,71IX,新版三层枕片阳光派对 30*55CM_delete,7
0115YA067,凉席包装纸盒,40*10,3层瓦楞小号40*10cm,0
0115YA067,凉席包装纸盒,75*10,3层瓦楞大号75*10CM,0
0115YA067,凉席包装纸盒,65*10,3层瓦楞中号65*10CM,1.5
0996CD9,小童绒线帽,46B,条纹毛球绒线帽 浅粉 均码 均码,0
0996CD9,小童绒线帽,47B,驯鹿绒线帽 粉色 均码 均码,0
0996CD9,小童绒线帽,60B,米奇绒线帽 均码 均码,0
0996CD9,小童绒线帽,48B,条纹毛球绒线帽 深粉色 均码 均码,0
0996CD9,小童绒线帽,62B,驯鹿绒线帽 蓝色 均码 均码,0
3112BK10,婴儿蔺草枕席-优尼熊,71I,婴儿蔺草枕席-优尼熊 32*55CM 绿色,5.8
2115DD6,尿布,Q23,两层原生态棉三片装 43*16cm,0
2115DD6,尿布,Q210,两层原生态棉十片装 43*16cm,0
2115DD6,尿布,Q35,三层原生态棉五片装 43*16cm,0
2115DD6,尿布,Q310,三层原生态棉十片装 43*16cm,0
2115DD6,尿布,Q33,三层原生态棉三片装 43*16cm,0
2115DD6,尿布,Q25,两层原生态棉五片装 43*16cm,0
0112DB2,三角巾,ABV8,三角巾.粉色巴黎,7.6
0112DB2,三角巾,AB339,三角巾 海军风 ,7.6
0112DB2,三角巾,AB218,三角巾218：小熊气球,7.6
0112DB2,三角巾,AB407,三角巾407：黑色格子,7.6
0112DB2,三角巾,AB118,三角巾：度假小熊,7.6
0112DB2,三角巾,AB240,三角巾240：开心米奇,7.6
0112DB2,三角巾,AB284,三角巾284：大嘴猴,7.6
0112DB2,三角巾,AB152,三角巾‘152’蓝格心心,7.6
0112DB2,三角巾,AB150,三角巾150：数字乐园,7.6
0112DB2,三角巾,ABV5,三角巾.豹纹心心,7.6
0112DB2,三角巾,AB400,三角巾.400.蓝白波点,7.6
0112DB2,三角巾,AB16,三角巾16：彩色爪子,7.6
0112DB2,三角巾,ABV1,三角巾.彩旗星星,7.6
0112DB2,三角巾,AB258,三角巾258：hello ketty,7.6
0112DB2,三角巾,AB122,三角巾122：熊宝乐园,7.6
0112DB2,三角巾,AB272,三角巾.漫天星星,7.6
0112DB2,三角巾,1,运费,7.6
0112DB2,三角巾,AB22,三角巾22：CK,7.6
0112DB2,三角巾,ABV6,三角巾.欢乐小熊,7.6
0112DB2,三角巾,AB153,三角巾153：彩格心心,7.6
0112DB2,三角巾,AB419,三角巾 开心字母 ,7.6
0112DB2,三角巾,AB88,三角巾.88.快乐猴子,7.6
0112DB2,三角巾,30D,口水巾两件组_delete,7.6
0112DB2,三角巾,ABV10,三角巾.快乐交通,7.6
0112DB2,三角巾,ABV4,三角巾.狗狗总动员,7.6
0112DB2,三角巾,AB194,三角巾 星梦童话 ,7.6
0112DB2,三角巾,ABV7,三角巾.天使猪猪,7.6
0112DB2,三角巾,AB408,三角巾408：红白格子,7.6
0112DB2,三角巾,ABV3,s三角巾.银铃树,7.6
0112DB2,三角巾,AB212,三角巾：马戏团,7.6
0112DB2,三角巾,AB140,三角巾140：彩虹小象,7.6
0112DB2,三角巾,ABV2,三角巾.英伦彩格,7.6
0112DB2,三角巾,AB12,三角巾12：欧美范儿,7.6
0112DB2,三角巾,AB100,三角巾100：甜心草莓,7.6
0112DB2,三角巾,ABV9,三角巾.淘气伙伴,7.6
0112DB2,三角巾,AB373,三角巾373:汽车总动员,7.6
3115BF1,春田花花-竹纤维纱布枕巾,60G,竹纤维纱布枕巾 浅蓝 55*40CM,5.5
3115BF1,春田花花-竹纤维纱布枕巾,50G,竹纤维纱布枕巾 浅黄 55*40cm,5.5
3115DB4,100%竹纤维方巾,混色 30*30,竹纤维方巾 30*30 浅蓝+浅粉+浅黄,9.5
3116BG4,简易款可脱胆睡袋,30X,简易款可脱胆睡袋-奇幻之旅 110*56CM,115
3116BG4,简易款可脱胆睡袋,31I,简易款可脱胆睡袋爵士庳130*60CM,130
3116BG4,简易款可脱胆睡袋,30I,简易款可脱胆睡袋-奇幻之旅130*60CM,130
3116BG4,简易款可脱胆睡袋,31X,简易款可脱胆睡袋-爵士庳110*56CM,115
0115YA029,天鹅绒,75,浅粉_delete,0
0115YA029,天鹅绒,31,米白,0
0115YA029,天鹅绒,53,13-0935TPX橘色,0
0115YA029,天鹅绒,45,深粉红,0
0115YA029,天鹅绒,52,12-0721TPX黄色,0
0115YA029,天鹅绒,40,浅粉,0
0115YA029,天鹅绒,61,12-4608TPX浅蓝,0
0115YA029,天鹅绒,81,14-3812TPX紫色,0
0115YA029,天鹅绒,20,浅棕,0
0115YA029,天鹅绒,65,湖蓝,0
0115YA029,天鹅绒,75,黄绿,0
0115BM1,竹纤维隔尿垫,60I,粉蓝,0
0115BM1,竹纤维隔尿垫,46I,粉红,0
0115BM1,竹纤维隔尿垫,50I,浅黄,0
0115BM8,夹棉肚围,67H,海盗船长,0
0115BM8,夹棉肚围,47H,兔宝宝,0
0115BM8,夹棉肚围,50H,开心派对,0
3115DB6,全棉针织三角巾,105,大象 _delete,5.4
3115DB6,全棉针织三角巾,30O,全棉针织三角巾 亲子乐园 60*44CM,3.25
3115DB6,全棉针织三角巾,204,小河马_delete,5.4
3115DB6,全棉针织三角巾,3O,全棉针织三角巾  阳光伙伴60*44CM,3.25
3115DB6,全棉针织三角巾,108,小熊_delete,5.4
3115DB6,全棉针织三角巾,90O,全棉针织三角巾 爱心树 60*44CM,3.25
3115DB6,全棉针织三角巾,202,长颈鹿_delete,5.4
3115DB6,全棉针织三角巾,41O,全棉针织三角巾 巧克力心心 60*44CM,3.25
3115DB6,全棉针织三角巾,12O,全棉针织三角巾 小鸟歌唱 60*44CM,3.25
3115DB6,全棉针织三角巾,1O,全棉针织三角巾  梦幻瓢虫 60*44CM,3.25
3115DB6,全棉针织三角巾,102,小汽车猴子_delete,5.4
3115DB6,全棉针织三角巾,5O,全棉针织三角巾 小小运动会60*44CM,3.25
3115DB6,全棉针织三角巾,2O,全棉针织三角巾  快乐小汽车60*44CM,3.25
3115DB6,全棉针织三角巾,4O,全棉针织三角巾 玩具城堡60*44CM,3.25
3115DB6,全棉针织三角巾,73O,全棉针织三角巾 丛林冒险 60*44CM,3.25
3115DB6,全棉针织三角巾,47O,全棉针织三角巾 粉粉熊 60*44CM,3.25
3115DB6,全棉针织三角巾,21O,全棉针织三角巾 彩色熊 60*44CM,3.25
2116BI006,花生包抱被,61D,蓝底动物,0
2116BI006,花生包抱被,52D,小熊,0
2116BI006,花生包抱被,12D,圆点,0
2116BI006,花生包抱被,34D,奶牛,0
3115BD1,床围套件,62J,床围套件-苏美尔 40*60CM/28*105CM,63
3115BD1,床围套件,52K,床围套件-卡卡杜 40*65CM/28*120CM,67
3115BD1,床围套件,52J,床围套件-卡卡杜 40*60CM/28*105CM,63
3115BD1,床围套件,62K,床围套件-苏美尔 40*65CM/28*120CM,67
3115BD1,床围套件,47K,床围套件-艾米丽 40*65CM/28*120CM,67
3115BD1,床围套件,47J,床围套件-艾米丽 40*60CM/28*105CM,63
3116DB1.,口罩,35R 20*12.5cm,纱布口罩 20*12.5CM,1.9
3116DB1.,口罩,35S 14*10cm,纱布口罩 14*10CM,1.7
3115YA006,彩盒,四色胶印印刷，350GSM白卡纸，表面覆亚膜，开窗PVC为18丝,60.5*66*3.5CM,3.8
0115YA040,自封口袋-满版,6丝厚度 2套色版型如工艺单含一个气孔，封口处有双面胶自粘,25*26+8CM,0.2
3112BK8,竹炭三层植物纤维车席,71J,三层车席阳光派对 35*75CM,17
3112BK8,竹炭三层植物纤维车席,71JX,新版三层车席阳光派对 35*75CM_delete,17
0115ZC292D,无纺布袋,92DA,Q无纺布礼品袋,2.4
0115ZC292D,无纺布袋,92D,_delete,2.4
0115ZC292D,无纺布袋,92DA,_delete,2.4
0115ZC292D,无纺布袋,92D,Q无纺布小号礼品袋,2.4
2116BG7,竹纤维睡袋,51H,黄小龙大号/70*120cm,0
2116BG7,竹纤维睡袋,32H ,米小龙大号/70*120cm,0
2116BG7,竹纤维睡袋,32L,米小龙分腿/60*96cm,0
2116BG7,竹纤维睡袋,50L,黄小鹿分腿/60*96cm,0
2116BG7,竹纤维睡袋,61H,蓝小龙大号/70*120cm,0
2116BG7,竹纤维睡袋,60H,蓝小鹿大号/70*120cm,0
2116BG7,竹纤维睡袋,32H,米恐龙大号/70*120cm,0
2116BG7,竹纤维睡袋,61L,蓝小龙分腿/60*96cm,0
2116BG7,竹纤维睡袋,51L,黄小龙分腿/60*96cm,0
2116BG7,竹纤维睡袋,60L,蓝小鹿分腿/60*96cm,0
2116BG7,竹纤维睡袋,31H,米小鹿大号/70*120cm,0
2116BG7,竹纤维睡袋,31L,米小鹿分腿/60*96cm,0
2116BG7,竹纤维睡袋,50H,黄小鹿大号/70*120cm,0
2116BG7,竹纤维睡袋,32H,米恐龙70*120cm_delete,0
3113BI2,婴幼儿全棉抱被,60H20,薄款全棉抱被-蓝色小象 80*80CM,28
3113BI2,婴幼儿全棉抱被,50H20,薄款全棉抱被-黄色狮子 80*80CM,28
3113BI2,婴幼儿全棉抱被,50H,单层全棉抱被-黄色狮子 80*80cm,13.5
3113BI2,婴幼儿全棉抱被,60H,单层全棉抱被-蓝色小象 80*80cm,13.5
3113BI2,婴幼儿全棉抱被,50H8,厚款全棉抱被-黄色狮子 80*80CM,26
3113BI2,婴幼儿全棉抱被,60H8,厚款全棉抱被-蓝色小象 80*80cm,26
2115DD2,双层竹纤维尿布,30I10,50*70CM 十片装,0
2115DD2,双层竹纤维尿布,30I4,50*70CM 四片装,0
3112BG3,春田花花-竹纤维纱布折叠睡袋,60G,竹纤维纱布折叠睡袋 浅蓝 105*60CM,62
3112BG3,春田花花-竹纤维纱布折叠睡袋,50G,竹纤维纱布折叠睡袋 浅黄 105*60CM,62
0115BG979E,贪玩河马 睡袋,8827043415,120G充棉厚度2CM左右,91
0996CD2,春秋护耳帽,12B,橙色彩条护耳帽 均码 均码,0
0996CD2,春秋护耳帽,62B,蓝色彩条绒线帽 均码 均码,0
0996CD2,春秋护耳帽,30C,提花护耳帽 均码 均码,0
0996CD2,春秋护耳帽,60B,手工小花护耳帽 均码 均码,0
0112BF1,叶香定型枕,61A,喜洋洋蓝色,7.78
0112BF1,叶香定型枕,70A,爱丽丝绿色,7.78
0112BF1,叶香定型枕,90A,喜洋洋浅咖色,7.78
0112BF1,叶香定型枕,70A1,喜洋洋绿色,7.78
0112BF1,叶香定型枕,80A,爱丽丝粉色,7.78
0996CD560B,小猫头鹰护耳帽,7104788627,天蓝色 均码 均码,0
2116BG6,可脱胆棉花睡袋,52A,卡卡杜75*50cm成长包春秋薄,33
2116BG6,可脱胆棉花睡袋,60X,简易款可脱胆睡袋-苏美尔56*110CM,115
2116BG6,可脱胆棉花睡袋,60ZAH,苏美尔L号（秋冬厚70+50cm）,0
2116BG6,可脱胆棉花睡袋,60ZA,苏美尔L号（春秋薄70+50cm）,0
2116BG6,可脱胆棉花睡袋,60FH,苏美尔M号（秋冬厚100cm）,0
2116BG6,可脱胆棉花睡袋,46S,简易款可脱胆睡袋-艾米丽65*150CM,156
2116BG6,可脱胆棉花睡袋,52ZBH,卡卡杜XL号（秋冬厚100+50cm）,0
2116BG6,可脱胆棉花睡袋,60ZBH,苏美尔XL号（秋冬厚100+50cm）,0
2116BG6,可脱胆棉花睡袋,46AH,艾米利75*50CM成长包秋冬厚,0
2116BG6,可脱胆棉花睡袋,46ZB,艾米丽春秋薄款 可脱胆 粉 150CM（M号+成长包）,0
2116BG6,可脱胆棉花睡袋,46ZAH,艾米利L号(秋冬厚70+50cm),0
2116BG6,可脱胆棉花睡袋,19038729440,苏美尔大号+成长包/150cm_delete,0
2116BG6,可脱胆棉花睡袋,60ZB,苏美尔XL号（春秋薄100+50cm）,0
2116BG6,可脱胆棉花睡袋,31I,简易款可脱胆睡袋爵士庳130*60CM,0
2116BG6,可脱胆棉花睡袋,52ZB,卡卡杜春秋薄款 可脱胆 黄 150CM（M号+成长包）,0
2116BG6,可脱胆棉花睡袋,31X,简易款可脱胆睡袋-爵士庳110*56CM,0
2116BG6,可脱胆棉花睡袋,52FH,卡卡杜M号(秋冬厚100cm),0
2116BG6,可脱胆棉花睡袋,46K,艾米丽春秋薄款 可脱胆 粉 70cm（S号）,115
2116BG6,可脱胆棉花睡袋,46KH,艾米利S号(秋冬厚70cm),0
2116BG6,可脱胆棉花睡袋,46ZBH,艾米利XL号(秋冬厚100+50cm),0
2116BG6,可脱胆棉花睡袋,60KH,苏美尔S号（秋冬厚70cm）,0
2116BG6,可脱胆棉花睡袋,30X,简易款可脱胆睡袋-奇幻派 110*56CM,0
2116BG6,可脱胆棉花睡袋,60A,苏美尔75*50cm成长包春秋薄,33
2116BG6,可脱胆棉花睡袋,60K,苏美尔S号（春秋薄70cm）,115
2116BG6,可脱胆棉花睡袋,52F,卡卡杜M号(春秋薄100cm),125
2116BG6,可脱胆棉花睡袋,60I,简易款可脱胆睡袋-苏美尔60*130CM,130
2116BG6,可脱胆棉花睡袋,52X,简易款可脱胆睡袋-卡卡杜56*110CM,115
2116BG6,可脱胆棉花睡袋,52ZAH,卡卡杜L号(秋冬厚70+50cm),0
2116BG6,可脱胆棉花睡袋,19038729441,苏美尔小号+成长包/120cm_delete,0
2116BG6,可脱胆棉花睡袋,60AH,苏美尔75*50CM成长包秋冬厚,0
2116BG6,可脱胆棉花睡袋,46ZA,艾米丽春秋薄款 可脱胆 粉 120CM（S号+成长包）,0
2116BG6,可脱胆棉花睡袋,52KH,卡卡杜S号（秋冬厚70cm）,0
2116BG6,可脱胆棉花睡袋,60S,简易款可脱胆睡袋-苏美尔 65*150CM,156
2116BG6,可脱胆棉花睡袋,46F ,艾米利M号(春秋薄100cm),0
2116BG6,可脱胆棉花睡袋,30I,简易款可脱胆睡袋-奇幻派130*60CM ,0
2116BG6,可脱胆棉花睡袋,46X,简易款可脱胆睡袋-艾米丽56*110CM,115
2116BG6,可脱胆棉花睡袋,52I,简易款可脱胆睡袋-卡卡杜60*130CM,130
2116BG6,可脱胆棉花睡袋,46F,艾米丽春秋薄款 可脱胆 粉 100CM（M号）,125
2116BG6,可脱胆棉花睡袋,46I,简易款可脱胆睡袋-艾米丽60*130CM,130
2116BG6,可脱胆棉花睡袋,52S,简易款可脱胆睡袋-卡卡杜65*150CM,156
2116BG6,可脱胆棉花睡袋,30S,简易款可脱胆睡袋-奇幻派65*150CM,156
2116BG6,可脱胆棉花睡袋,46K ,艾米利S号(春秋薄70cm),0
2116BG6,可脱胆棉花睡袋,46FH,艾米利M号(秋冬厚100cm),0
2116BG6,可脱胆棉花睡袋,60F,苏美尔M号（春秋薄100cm）,125
2116BG6,可脱胆棉花睡袋,46A ,艾米利75*50cm成长包春秋薄,33
2116BG6,可脱胆棉花睡袋,52K,卡卡杜S号（春秋薄70cm),115
2116BG6,可脱胆棉花睡袋,52ZA,卡卡杜春秋薄款 可脱胆 黄 120CM（S号+成长包）,0
2116BG6,可脱胆棉花睡袋,52AH,卡卡杜75*50CM成长包秋冬厚,0
0115YA011,null,3,81,0
0115YA011,null,6,白色130,0
0115YA011,null,4,65,0
0115YA011,null,2,61,0
0115YA011,null,5,白色60,0
0115YA011,null,1,白色100,0
9115BH1,双色条纹毯,32A,粉蓝+米白,49
9115BH1,双色条纹毯,34A,咖啡+米白,49
9115BH1,双色条纹毯,33A,粉红+米白,49
211BG3,单层棉毛布长袖有脚睡袋,70C,浅绿,35
211BG3,单层棉毛布长袖有脚睡袋,62C,草原动物,35
211BG3,单层棉毛布长袖有脚睡袋,50C,浅黄,35
211BG3,单层棉毛布长袖有脚睡袋,60C,浅蓝,35
211BG3,单层棉毛布长袖有脚睡袋,12C,卡通小龙,35
3115YA005,凉席包装纸盒,2,中号 长64CM 宽10CM 高10CM ,1.5
3115YA005,凉席包装纸盒,1,大号 长75CM 宽10CM 高10CM,1.7
3115YA005,凉席包装纸盒,3,小号 长40CM 宽10CM 高10CM,1.1
3115BF3,竹炭三层枕头-阳光派对,71IX,新版三层枕头 阳光派对 40*24CM_delete,7.8
3115BF3,竹炭三层枕头-阳光派对,71I,三层枕头--阳光派对 40*24CM,7.8
2116BH007,法兰绒毯,52L,小熊110*140CM,0
2116BH007,法兰绒毯,52S,黄底小熊75*120CM,0
2116BH007,法兰绒毯,34L,奶牛110*140CM,0
2116BH007,法兰绒毯,12K,圆点90*120CM,0
2116BH007,法兰绒毯,34S,咖啡奶牛75*120CM,0
2116BH007,法兰绒毯,52HK,加厚黄色小熊90*120CM,0
2116BH007,法兰绒毯,12L,圆点110*140CM,0
2116BH007,法兰绒毯,61HL,加厚蓝底动物110*140CM,0
2116BH007,法兰绒毯,52HL,加厚黄色小熊110*140CM,0
2116BH007,法兰绒毯,12S,彩色圆点75*120CM,0
2116BH007,法兰绒毯,52K,小熊90*120CM,0
2116BH007,法兰绒毯,61HK,加厚蓝底动物90*120CM,0
2116BH007,法兰绒毯,61L,蓝底动物110*140CM,0
2116BH007,法兰绒毯,61K,蓝底动物90*120CM,0
2116BH007,法兰绒毯,34K,奶牛90*120CM,0
2116BH007,法兰绒毯,61S,蓝底动物75*120CM,0
2115DA1,100%竹纤维浴巾,46U,竹纤维浴巾 70*140CM 浅粉色,31.66
2115DA1,100%竹纤维浴巾,60K,竹纤维浴巾80*120CM 粉蓝色,30
2115DA1,100%竹纤维浴巾,46K,浅粉色 竹纤维浴巾 80*120CM ,30
2115DA1,100%竹纤维浴巾,60U,竹纤维浴巾70*140CM 浅蓝色,31.66
2115DA1,100%竹纤维浴巾,50U,竹纤维浴巾 70*140CM 浅黄色,31.66
2115DA1,100%竹纤维浴巾,50K,竹纤维浴巾 80*120CM 粉黄色,30
2115BN9,黄色床品三件套,52C,黄色床品三件套110*130,0
2115BN9,黄色床品三件套,52H,黄色床品三件套120*150,0
2115BN9,黄色床品三件套,50H,_delete,0
3116CA1,超细纤维婴儿斗篷,50N,超细纤维婴儿斗篷 68*80CM 黄色,14.1
3116CA1,超细纤维婴儿斗篷,60N,超细纤维婴儿斗篷 68*80CM 蓝色,14.1
1116BG,全棉印花小睡袋 100cm,460H,苏美尔120cm_delete,0
1116BG,全棉印花小睡袋 100cm,260F,苏美尔100cm,0
1116BG,全棉印花小睡袋 100cm,312F,开心派对100cm,0
1116BG,全棉印花小睡袋 100cm,712H,开心派对120cm_delete,0
2116CD2,围巾,46A,粉色 8*72CM,0
2116CD2,围巾,34A,咖啡 8*72CM,0
2116CD2,围巾,51A,黄色 8*72CM,0
3113CG1,童袜,7365B,春秋袜 绿蓝组合袜 1-2岁,0
3113CG1,童袜,51ZA,春夏袜 黄色组合袜0-1岁,0
3113CG1,童袜,62ZB,春夏袜 蓝色组合袜1-2岁,0
3113CG1,童袜,5365B,春秋袜 黄蓝组合袜 1-2岁,0
3113CG1,童袜,4565C,春秋袜 粉蓝组合袜 2-3岁,0
3113CG1,童袜,7365A,春秋袜 绿蓝组合袜0-1岁,0
3113CG1,童袜,62ZC,春夏袜 蓝色组合袜 2-3岁,0
3113CG1,童袜,46ZB,春夏袜 粉色组合袜 1-2岁,0
3113CG1,童袜,5365A,春秋袜  黄蓝组合袜 0-1岁,0
3113CG1,童袜,4565A,春秋袜 粉蓝组合袜 0-1岁,0
3113CG1,童袜,51ZC,春夏袜 黄色组合袜2-3岁,0
3113CG1,童袜,7365C,春秋袜 绿蓝组合袜 2-3岁,0
3113CG1,童袜,62ZA,春夏袜 蓝色组合袜0-1岁,0
3113CG1,童袜,46ZA,春夏袜 粉色组合袜 0-1岁,0
3113CG1,童袜,46ZC,春夏袜 粉色组合袜2-3岁,0
3113CG1,童袜,4565B,春秋袜 粉蓝组合袜 1-2岁,0
3113CG1,童袜,51ZB,春夏袜 黄色组合袜1-2岁,0
3113CG1,童袜,5365C,春秋袜 黄蓝组合袜 2-3岁,0
0115YA058,南韩绒,90,浅咖豹点,0
0115YA058,南韩绒,61,米黄豹点,0
0115BA21,冒险小象8件套床品,61D,花色 120*70,194
0115BA21,冒险小象8件套床品,60C,110*60_delete,0
0115BA21,冒险小象8件套床品,60D,120*70_delete,0
0115BA21,冒险小象8件套床品,61C,花色 110*60,194
3115DB3,全棉围兜,108U,小熊春游37*30CM,0
3115DB3,全棉围兜,202U,小鹿表演37*30CM,0
3115DB3,全棉围兜,105U,小象戏水37*30CM,0
3115DB3,全棉围兜,204U,小牛踏春37*30CM,0
3115DB3,全棉围兜,102U,小猴兜风37*30CM,0
3115DB1,春田花花-竹纤维纱布口水巾,74A,果绿色30*30CM,0
3115DB1,春田花花-竹纤维纱布口水巾,AZ5,口水巾五色装30*30CM,0
3115DB1,春田花花-竹纤维纱布口水巾,45A,玫红色30*30CM,0
3115DB1,春田花花-竹纤维纱布口水巾,53A,橘黄色30*30CM,0
3115DB1,春田花花-竹纤维纱布口水巾,50A,粉黄色30*30CM,0
3115DB1,春田花花-竹纤维纱布口水巾,60A,浅蓝色30*30CM,0
9116BG260E,可爱小汽车睡袋,18372439110,黄色开心派对120cm_delete,93.18
9116BG260E,可爱小汽车睡袋,18372439108,蓝色苏美尔120cm_delete,93.18
9116BG260E,可爱小汽车睡袋,18372439109,紫色棒棒糖95cm_delete,93.18
9116BG260E,可爱小汽车睡袋,18372439105,绿色小汽车95cm_delete,93.18
9116BG260E,可爱小汽车睡袋,18372439106,粉色小河马95cm_delete,93.18
9116BG260E,可爱小汽车睡袋,18372439104,黄色海盗船长95cm_delete,93.18
9116BG260E,可爱小汽车睡袋,18372439107,浅咖色马达120cm_delete,93.18
3112BL2,推车蚊帐,30D,婴儿推车蚊帐 75*120cm,5.5
2112BF2,大童枕,61E,喜洋洋 浅蓝 55*30+2cm,0
2112BF2,大童枕,70E,爱丽丝 粉绿 55*30+2cm,0
2112BF2,大童枕,7.00E+02,喜洋洋 粉绿 55*30+2cm,0
2112BF2,大童枕,90E,喜洋洋 咖啡 55*30+2cm,0
3112BK12,亚麻草竹炭婴儿枕席（升级版）,71I,亚麻草竹炭婴儿枕席（升级版）30*55CM,7
0994CF1,滑雪服套装,96G,浅灰色 92cm,0
0994CF1,滑雪服套装,97I,浅灰色 104cm,0
0994CF1,滑雪服套装,97F,浅灰色 86cm,0
0994CF1,滑雪服套装,97H,浅灰色 98cm,0
0994CF1,滑雪服套装,97E,浅灰色 80cm,0
0994CF1,滑雪服套装,97K,浅灰色 116cm,0
0994CF1,滑雪服套装,97J,浅灰色 110cm,0
0112DB130B,null,30C,吸汗巾两件组,0
0112DB130B,null,30B,围嘴,0
0112DB130B,null,30D,口水巾2件组,0
2115BN8,蓝色苏美尔床品三件套,61C,蓝色苏美尔床品三件套 110*130,0
2115BN8,蓝色苏美尔床品三件套,61H,蓝色苏美尔床品三件套 120*150,0
2115BD1,床围套件多款,60J,苏美尔60*105cm床围,0
2115BD1,床围套件多款,60K,苏美尔65*120cm床围,0
2115BD1,床围套件多款,46K,艾米利65*120cm床围,0
2115BD1,床围套件多款,30K,奇幻之旅60*120CM床围,67
2115BD1,床围套件多款,31K,爵士庳65*120CM床围,67
2115BD1,床围套件多款,31J,爵士庳60*105CM床围,63
2115BD1,床围套件多款,46J,艾米利60*105cm床围,0
2115BD1,床围套件多款,52K,卡卡杜65*120cm床围,0
2115BD1,床围套件多款,52J,卡卡杜60*105cm床围,0
2115BD1,床围套件多款,30J,奇幻之旅60*105CM床围,63
9116BG6,天鹅绒睡袋,47C,小河马80CM,107
9116BG6,天鹅绒睡袋,51C,棒棒糖80CM,107
9116BG6,天鹅绒睡袋,47G,小河马105cm,107
9116BG6,天鹅绒睡袋,70G,开心气球105cm,107
9116BG6,天鹅绒睡袋,50C,海盗船长80CM,107
9116BG6,天鹅绒睡袋,47H,小河马120cm,107
9116BG6,天鹅绒睡袋,70H,开心气球120cm,107
9116BG6,天鹅绒睡袋,50H,海盗船长120cm,107
9116BG6,天鹅绒睡袋,51G,棒棒糖105cm,107
9116BG6,天鹅绒睡袋,51E,棒棒糖95cm,107
9116BG6,天鹅绒睡袋,47E,小河马95cm,107
9116BG6,天鹅绒睡袋,70C,开心气球80CM,107
9116BG6,天鹅绒睡袋,50E,海盗船长 95CM,0
9116BG6,天鹅绒睡袋,50G,海盗船长105cm,107
9116BG6,天鹅绒睡袋,70E,开心气球95cm,107
9116BG6,天鹅绒睡袋,51H,棒棒糖120CM,107
9116BG6,天鹅绒睡袋,50E             ,海盗船长95cm,107
3112CF1,春田花花-竹纤维纱布短裤短袖两件套,60J,竹纤维纱布短袖短裤两件套 浅蓝L 1-2Y,22
3112CF1,春田花花-竹纤维纱布短裤短袖两件套,60I,竹纤维纱布短袖短裤两件套 浅蓝S 9-18M,22
3112CF1,春田花花-竹纤维纱布短裤短袖两件套,50I,竹纤维纱布短袖短裤两件套 浅黄S 9-18M,22
3112CF1,春田花花-竹纤维纱布短裤短袖两件套,50J,竹纤维纱布短袖短裤两件套 浅黄L 1-2Y,22
3116CF1,空气层两件套,41O,空气层两件套 100CM 红色圆点,25
3116CF1,空气层两件套,47N,空气层两件套 90CM 粉色条纹,25
3116CF1,空气层两件套,41M,空气层两件套 80CM 红色圆点,25
3116CF1,空气层两件套,73M,空气层两件套 80CM 绿色条纹,25
3116CF1,空气层两件套,67N,空气层两件套 90CM 蓝色条纹,25
3116CF1,空气层两件套,73K,空气层两件套 66CM 绿色条纹,25
3116CF1,空气层两件套,47L,空气层两件套 73CM 粉色条纹,25
3116CF1,空气层两件套,73L,空气层两件套 73CM 绿色条纹,25
3116CF1,空气层两件套,47M,空气层两件套 80CM 粉色条纹,25
3116CF1,空气层两件套,71N,空气层两件套 90CM 绿色圆点,25
3116CF1,空气层两件套,67O,空气层两件套 100CM 蓝色条纹,25
3116CF1,空气层两件套,71O,空气层两件套 100CM 绿色圆点,25
3116CF1,空气层两件套,71L,空气层两件套 73CM 绿色圆点,25
3116CF1,空气层两件套,41L,空气层两件套 73CM 红色圆点,25
3116CF1,空气层两件套,71K,空气层两件套 66CM 绿色圆点,25
3116CF1,空气层两件套,67M,空气层两件套 80CM 蓝色条纹,25
3116CF1,空气层两件套,67K,空气层两件套 66CM 蓝色条纹,25
3116CF1,空气层两件套,62N,空气层两件套 90CM 蓝色圆点,25
3116CF1,空气层两件套,67L,空气层两件套 73CM 蓝色条纹,25
3116CF1,空气层两件套,41N,空气层两件套 90CM 红色圆点 ,25
3116CF1,空气层两件套,73O,空气层两件套 100CM绿色条纹,25
3116CF1,空气层两件套,47K,空气层两件套66CM 粉条条纹,25
3116CF1,空气层两件套,41K,空气层两件套 66CM 红色圆点,25
3116CF1,空气层两件套,62O,空气层两件套 100CM 蓝色圆点,25
3116CF1,空气层两件套,71M,空气层两天就 80CM 绿色圆点,25
3116CF1,空气层两件套,47O,空气层两件套 100CM 粉色条纹,25
3116CF1,空气层两件套,73N,空气层两件套 90CM 绿色条纹,25
3116CF1,空气层两件套,62K,空气层两件套 66CM 蓝色圆点,25
3116CF1,空气层两件套,62L,空气层两件套 73CM 蓝色圆点,25
3116CF1,空气层两件套,62M,空气层两件套 80CM 蓝色圆点,25
3116CE1,春田花花-竹纤维纱布蝴蝶衣,50C,竹纤维纱布蝴蝶衣 浅黄L 6-9M,17
3116CE1,春田花花-竹纤维纱布蝴蝶衣,60B,竹纤维纱布蝴蝶衣 浅蓝S 3-6M,16
3116CE1,春田花花-竹纤维纱布蝴蝶衣,60C,竹纤维纱布蝴蝶衣 浅蓝L 6-9M,17
3116CE1,春田花花-竹纤维纱布蝴蝶衣,50B,竹纤维纱布蝴蝶衣 浅黄S 3-6M,16
3115DB3,null,52H,肚围-80G 17*68 黄色,8.3
3115DB3,null,62H,肚围-80G 17*68 蓝色,8.3
0115YA036,贴纸,3,版费,0
0115YA036,贴纸,2,4*6cm,0
0115YA036,贴纸,1,6.5*8cm,0
9115BF112B,马达加斯加定型枕,9115BF112B,浅黄色,0
3116BG3,成长包,52U,成长包-卡卡杜,33
3116BG3,成长包,62U,成长包-狂欢苏美尔,33
3116BG3,成长包,47U,成长包-艾米丽,33
0994CF2,连体外出服(disnep),66D,深蓝 9个月,0
0994CF2,连体外出服(disnep),48C,玫红 6个月,0
0994CF2,连体外出服(disnep),31B,米色 3个月,0
0994CF2,连体外出服(disnep),48B,玫红 3个月,0
0994CF2,连体外出服(disnep),31D,米色 9个月,0
0994CF2,连体外出服(disnep),48D,玫红 9个月,0
0994CF2,连体外出服(disnep),16451208906,玫红 60 6个月,0
0994CF2,连体外出服(disnep),66C,深蓝 6个月,0
0994CF2,连体外出服(disnep),31E,米色 12个月,0
0994CF2,连体外出服(disnep),66A,深蓝 新生儿(0-2个月),0
0994CF2,连体外出服(disnep),31C,米色 6个月,0
0994CF2,连体外出服(disnep),66E,深蓝 12个月,0
0994CF2,连体外出服(disnep),48A,玫红 新生儿(0-2个月),0
0994CF2,连体外出服(disnep),66B,深蓝 3个月,0
0994CF2,连体外出服(disnep),31A,米色 新生儿(0-2个月),0
0994CF2,连体外出服(disnep),48E,玫红 12个月,0
0994CF2,连体外出服(disnep),16451208904,米色 60 6个月,0
3112BG6,薄款双层布睡袋,31F,双层梭织布睡袋 爵士庳 100*60CM,46
3112BG6,薄款双层布睡袋,30F,双层梭织布睡袋 奇幻之旅 100*60CM,46
3112BG6,薄款双层布睡袋,31C,双层梭织布睡袋 爵士庳 80*50CM,42
3112BG6,薄款双层布睡袋,30C,双层梭织布睡袋 奇幻之旅 80*50CM,42
3112CG2,竹纤维春夏袜,51ZB,黄色春夏袜组合装1-2岁 黄色条条+黄色菱形格,0
3112CG2,竹纤维春夏袜,62ZC,蓝色春夏袜组合装2-3岁 蓝白条条+蓝色菱形格,0
3112CG2,竹纤维春夏袜,46ZB,粉色春夏袜组合装1-2岁 粉色条条+粉色菱形格,0
3112CG2,竹纤维春夏袜,46ZC,粉色春夏袜组合装2-3岁 粉色条条+粉色菱形格,0
3112CG2,竹纤维春夏袜,46ZA,粉色春夏袜组合装0-1岁 粉色条条+粉色菱形格,0
3112CG2,竹纤维春夏袜,51ZA,黄色春夏袜组合装0-1岁 黄色条条+黄色菱形格,0
3112CG2,竹纤维春夏袜,62ZA,蓝色春夏袜组合装0-1岁 蓝白条条+蓝色菱形格,0
3112CG2,竹纤维春夏袜,51ZC,黄色春夏袜组合装2-3岁 黄色条条+黄色菱形格,0
3112CG2,竹纤维春夏袜,62ZB,蓝色春夏袜组合装1-2岁 蓝白条条+蓝色菱形格,0
0115BA20,床品三件套,46M,艾米利110*130,0
0115BA20,床品三件套,30L,奇幻之旅120*150CM,68
0115BA20,床品三件套,30M,奇幻之旅110*130CM,66
0115BA20,床品三件套,60L,苏美尔120*150,0
0115BA20,床品三件套,61Z,图片色 10月10号发货 其它_delete,0
0115BA20,床品三件套,54Z,开心派对三件套 110*130,0
0115BA20,床品三件套,31L,爵士名仃120*150CM,68
0115BA20,床品三件套,61Z,冒险小象三件套110*130,0
0115BA20,床品三件套,52M,卡卡杜110*130,0
0115BA20,床品三件套,60M,苏美尔110*130,0
0115BA20,床品三件套,46L,艾米利120*150,0
0115BA20,床品三件套,64Z,黄色开心派对_delete,0
0115BA20,床品三件套,52L,卡卡杜120*150,0
0115BA20,床品三件套,31M,爵士名仃110*130CM,66
0995CD1,全棉印花胎帽,77Z,四叶草 均码 均码,0
0995CD1,全棉印花胎帽,82Z,花朵 均码 均码,0
2115BN6,黄色床围套件,52J,床靠40*60CM*1，床围28*105cm*2/60*28CM*1,0
2115BN6,黄色床围套件,52K,床靠40*65CM*1，床围28*120cm*2/65*28CM*1,0
9115BA10,五件套床品,47E ,快乐花园,0
9115BA10,五件套床品,47E,快乐花园五件套 130*70_delete,0
9115BA10,五件套床品,62E,快乐交通,0
3115DB1,口水巾,35A 30*30cm,纱布口水巾 原白色 30*30cm,2
3111CD2,童帽,52,童帽 淡黄 0-1Y,3.8
3111CD2,童帽,62,童帽 蓝色 0-1Y ,3.8
3111CD2,童帽,41,童帽 红色 0-1Y,3.8
3111CD2,童帽,47,童帽 粉色 0-1Y,3.8
3111CD2,童帽,43,童帽 酒红色 0-1Y ,3.8
3111CD2,童帽,61,童帽 天蓝色 0-1Y,3.8
0115YA062,纸质手提袋,57*44*8cm,null,0
0112BK1,植物纤维凉席,7.00E+02,喜洋洋绿色130*70,12.98
0112BK1,植物纤维凉席,61G,喜洋洋蓝色120*60,12.98
0112BK1,植物纤维凉席,61E,喜洋洋蓝色130*70,12.98
0112BK1,植物纤维凉席,70C1,喜洋洋绿色110*60,12.98
0112BK1,植物纤维凉席,70E,爱丽丝绿色130*70,17
0112BK1,植物纤维凉席,80D,粉紫120*70_delete,15.2
0112BK1,植物纤维凉席,70D,绿色120*70_delete,15.2
0112BK1,植物纤维凉席,61C,喜洋洋蓝色110*60,12.98
0112BK1,植物纤维凉席,80G,紫色_delete,12.98
0112BK1,植物纤维凉席,90G,喜洋洋浅咖120*60,15.2
0112BK1,植物纤维凉席,70C,爱丽丝绿色110*60,12.98
0112BK1,植物纤维凉席,80C,爱丽丝粉紫110*60,12.98
0112BK1,植物纤维凉席,70G,绿色_delete,12.98
0112BK1,植物纤维凉席,90G,浅咖啡_delete,12.98
0112BK1,植物纤维凉席,80G,爱丽丝粉紫120*60,15.2
0112BK1,植物纤维凉席,70G,爱丽丝绿色120*60,15.2
0112BK1,植物纤维凉席,90D,浅咖120*70_delete,15.2
0112BK1,植物纤维凉席,90E,喜洋洋浅咖130*70,17
0112BK1,植物纤维凉席,80E,爱丽丝粉紫130*70,17
0112BK1,植物纤维凉席,90C,喜洋洋浅咖110*60,12.98
0112BK1,植物纤维凉席,70G1,喜洋洋绿色120*60,12.98
2116BG9,秋冬成长型睡袋-开心派对,50H,120*70CM 浅米色,0
2112BF1,爱丽丝大童枕,80E,粉紫 55*30+2cm,0
2112BF1,爱丽丝大童枕,70E,粉绿 55*30+2cm,0
1112BG1,null,30C,小号纱布睡袋（65CM）,0
1112BG1,null,30G,大号纱布睡袋(105CM),0
0112BF2,叶香大凉枕,80C,粉紫25*45CM,0
0112BF2,叶香大凉枕,90E,喜洋洋浅咖30*55+2CM,0
0112BF2,叶香大凉枕,90C,浅咖25*45CM,0
0112BF2,叶香大凉枕,7.00E+02,喜洋洋绿色30*55+2CM,0
0112BF2,叶香大凉枕,19060865984,粉绿色30*55cm_delete,0
0112BF2,叶香大凉枕,61E,喜洋洋蓝色30*55+2CM,0
0112BF2,叶香大凉枕,19060865985,粉紫色30*55cm_delete,0
0112BF2,叶香大凉枕,70E,爱丽丝绿色30*55+2CM,0
0112BF2,叶香大凉枕,70C,绿色25*45CM,0
0112BF2,叶香大凉枕,19060865983,咖啡色30*55cm_delete,0
0112BF2,叶香大凉枕,80E,爱丽丝粉紫30*55+2CM,0
3112BH1,null,60L,华夫格毯-粉蓝色 110*140CM_delete,35
3112BH1,null,50D,华夫格毯-浅黄色 100*120CM_delete,28
3112BH1,null,46L,华夫格毯-浅粉色 110*140CM_delete,35
3112BH1,null,60D,华夫格毯-粉蓝色 100*120CM_delete,28
3112BH1,null,50L,华夫格毯-浅黄色 110*140CM_delete,35
3112BH1,null,46D,华夫格毯-浅粉色 100*120CM_delete,28
2115BF4,荞麦枕,46E,_delete,0
2115BF4,荞麦枕,52E,卡卡杜荞麦枕 32*55cm,0
2115BF4,荞麦枕,50EA,开心派对枕套  32*55cm,0
2115BF4,荞麦枕,46E,艾米丽荞麦枕 32*55cm,0
2115BF4,荞麦枕,30E,荞麦枕芯30*55cm,0
2115BF4,荞麦枕,46EA,艾米丽枕套 32*55cm,0
2115BF4,荞麦枕,60EA,苏美尔枕套 32*55cm,0
2115BF4,荞麦枕,60E,苏美尔 荞麦枕 32*55cm,0
2115BF4,荞麦枕,50E,开心派对荞麦枕  32*55cm,0
2115BF4,荞麦枕,52EA,卡卡杜枕套32*55cm,0
0115YA019,快递袋,1,特小号快递袋,0
0115YA019,快递袋,2,50*70+5_delete,0
30,小熊护耳帽,7122682404,粉黄 均码 均码,0
30,小熊护耳帽,7122682388,粉蓝 均码 均码,0
30,小熊护耳帽,7122682372,粉红 均码 均码,0
1116CA3,粉色桃心插手,46Z,粉色桃心 27cm*27cm,0
0112DB1,围嘴/口水巾/吸汗巾,AB22,三角巾22：CK_delete,7.6
0112DB1,围嘴/口水巾/吸汗巾,ABV5,三角巾.豹纹心心_delete,7.6
0112DB1,围嘴/口水巾/吸汗巾,AB150,三角巾150：数字乐园_delete,7.6
0112DB1,围嘴/口水巾/吸汗巾,ABV1,三角巾.彩旗星星_delete,7.6
0112DB1,围嘴/口水巾/吸汗巾,ABV,三角巾_delete,7.6
0112DB1,围嘴/口水巾/吸汗巾,63O,蓝色反穿衣65*30CM,7.6
0112DB1,围嘴/口水巾/吸汗巾,AB218,三角巾218：小熊气球_delete,7.6
0112DB1,围嘴/口水巾/吸汗巾,AB12,s三角巾12：欧美范儿_delete,7.6
0112DB1,围嘴/口水巾/吸汗巾,ABV6,三角巾.欢乐小熊_delete,7.6
0112DB1,围嘴/口水巾/吸汗巾,ABV4,s三角巾.狗狗总动员_delete,7.6
0112DB1,围嘴/口水巾/吸汗巾,AB284,三角巾284：大嘴猴_delete,7.6
0112DB1,围嘴/口水巾/吸汗巾,AB152,三角巾‘152’蓝格心心_delete,7.6
0112DB1,围嘴/口水巾/吸汗巾,30C,吸汗巾,7.6
0112DB1,围嘴/口水巾/吸汗巾,AB16,三角巾16：彩色爪子_delete,7.6
0112DB1,围嘴/口水巾/吸汗巾,AB122,三角巾122：熊宝乐园_delete,7.6
0112DB1,围嘴/口水巾/吸汗巾,AB408,三角巾408：红白格子_delete,7.6
0112DB1,围嘴/口水巾/吸汗巾,ABV8,三角巾.粉色巴黎_delete,7.6
0112DB1,围嘴/口水巾/吸汗巾,ABV3,三角巾.银铃树_delete,7.6
0112DB1,围嘴/口水巾/吸汗巾,AB240,三角巾240：开心米奇_delete,7.6
0112DB1,围嘴/口水巾/吸汗巾,AB140,三角巾140：彩虹小象_delete,7.6
0112DB1,围嘴/口水巾/吸汗巾,AB100,s三角巾100：甜心草莓_delete,7.6
0112DB1,围嘴/口水巾/吸汗巾,AB373,三角巾373:汽车总动员_delete,7.6
0112DB1,围嘴/口水巾/吸汗巾,ABV7,三角巾.天使猪猪_delete,7.6
0112DB1,围嘴/口水巾/吸汗巾,ABV10,三角巾.快乐交通_delete,7.6
0112DB1,围嘴/口水巾/吸汗巾,AB153,三角巾153：彩格心心_delete,7.6
0112DB1,围嘴/口水巾/吸汗巾,AB258,三角巾258：hello ketty_delete,7.6
0112DB1,围嘴/口水巾/吸汗巾,63D,蓝色围嘴35*24CM,7.6
0112DB1,围嘴/口水巾/吸汗巾,30B,围嘴,7.6
0112DB1,围嘴/口水巾/吸汗巾,30D ,口水巾2件组,4.6
0112DB1,围嘴/口水巾/吸汗巾,50O,黄色反穿衣65*30CM,7.6
0112DB1,围嘴/口水巾/吸汗巾,ABV2,三角巾.英伦彩格_delete,7.6
0112DB1,围嘴/口水巾/吸汗巾,30D,口水巾两件组_delete,7.6
0112DB1,围嘴/口水巾/吸汗巾,AB407,s三角巾407：黑色格子_delete,7.6
0112DB1,围嘴/口水巾/吸汗巾,50D,黄色围嘴35*24CM,7.6
0112DB1,围嘴/口水巾/吸汗巾,ABV9,三角巾.淘气伙伴_delete,7.6
2115BM2,竹纤维隔尿垫60*100CM,60J,隔尿垫60*100CM粉蓝,0
2115BM2,竹纤维隔尿垫60*100CM,12Z,隔尿垫60*100CM粉蓝+粉黄2条组合装,0
2115BM2,竹纤维隔尿垫60*100CM,60Z,隔尿垫60*100CM随机2条组合装,0
2115BM2,竹纤维隔尿垫60*100CM,50J,隔尿垫60*100CM浅黄,0
2115BM2,竹纤维隔尿垫60*100CM,50Z,隔尿垫60*100CM黄色2条组合装,0
2115BM2,竹纤维隔尿垫60*100CM,46J,隔尿垫60*100CM粉红,0
2115BM2,竹纤维隔尿垫60*100CM,60Y,三条优惠装（颜色随机）,0
2112BG4,黄色印花,52K,65*70cm 小号上身,0
2112BG4,黄色印花,52F,65*100cm大号上身,0
2112BG4,黄色印花,52A,75*50cm成长包,0
9115CC2,雪地靴,56F,杏色 18码/14cm,0
9115CC2,雪地靴,94F,棕色 18码/14cm,0
3115YA007,自封口袋-透明,25*41+8CM,25*41+8CM 6丝厚度，透明包装含一个气孔，封口处有双面胶自粘 ,0.25
9115BA5,小鸟总动员 床品8件套,12D,花色 120*70,0
9115BA5,小鸟总动员 床品8件套,12F,花色 140*70,0
9115BA5,小鸟总动员 床品8件套,12E,花色 130*70,0
2116CE1,家居服,46G,粉色组90CM ,0
2116CE1,家居服,46J,粉色组110CM,0
2116CE1,家居服,51G,黄色组90CM,0
2116CE1,家居服,61G,蓝色组90,0
2116CE1,家居服,46I,粉色组100CM,0
2116CE1,家居服,51G,_delete,0
2116CE1,家居服,51J,黄色组110,0
2116CE1,家居服,61I,蓝色组100,0
2116CE1,家居服,51I,黄色组100,0
2116CE1,家居服,61J,蓝色组110,0
0115BA5,马达加斯加十件套床品,52C,米黄 新版马达床品套 110*60,0
0115BA5,马达加斯加十件套床品,52CB,米黄 马达床品套（送厚被芯） 110*60,0
0115BA5,马达加斯加十件套床品,52DAM,新版马达床品套(送薄被芯)120*70,1
0115BA5,马达加斯加十件套床品,12EM,其他 130*70加厚款,194
0115BA5,马达加斯加十件套床品,52E,棉花版130*70_delete,1
0115BA5,马达加斯加十件套床品,12DM,其他 120*70加厚款,194
0115BA5,马达加斯加十件套床品,12C,米黄 原版马达加斯加床品套 110*60,0
0115BA5,马达加斯加十件套床品,12E,米黄 原版马达加斯加床品套 130*70,0
0115BA5,马达加斯加十件套床品,52EB,米黄 马达床品套（送厚被芯） 130*70,0
0115BA5,马达加斯加十件套床品,52DBM,新版马达床品套（送厚被芯） 120*70,1
0115BA5,马达加斯加十件套床品,12D,米黄 原版马达加斯加床品套 120*70,0
0115BA5,马达加斯加十件套床品,52CM,新版马达床品套110*60,1
0115BA5,马达加斯加十件套床品,52DA,米黄 马达床品套（送空调被芯） 120*70,0
0115BA5,马达加斯加十件套床品,52D,米黄 新版马达床品套 120*70,0
0115BA5,马达加斯加十件套床品,52C,棉花版110*60_delete,1
0115BA5,马达加斯加十件套床品,52CA,米黄 马达床品套（送空调被芯） 110*60,0
0115BA5,马达加斯加十件套床品,52EM,新版马达床品套130*70,1
0115BA5,马达加斯加十件套床品,52EAM,新版马达床品套(送薄被芯)130*70,1
0115BA5,马达加斯加十件套床品,52DB,米黄 马达床品套（送厚被芯） 120*70,0
0115BA5,马达加斯加十件套床品,52D,棉花版120*70_delete,1
0115BA5,马达加斯加十件套床品,52DM,新版马达床品套120*70,1
0115BA5,马达加斯加十件套床品,52EBM,新版马达床品套（送厚被芯） 130*70,1
0115BA5,马达加斯加十件套床品,12CM,其他 110*60加厚款,194
0115BA5,马达加斯加十件套床品,52E,米黄 新版马达床品套 130*70,0
0115BA5,马达加斯加十件套床品,52EA,米黄 马达床品套（送空调被芯） 130*70,0
0115BA5,马达加斯加十件套床品,52CAM,新版马达床品套(送薄被芯)110*60,1
0115BA5,马达加斯加十件套床品,52CBM,新版马达床品套（送厚被芯） 110*60,1
2115DD5,吸汗巾,104B,小兔芭比L号35*25CM,3.5
2115DD5,吸汗巾,202A,小狗洛克S号28*22CM,3.1
2115DD5,吸汗巾,109B,小企鹅鲁比L号35*25CM,0
2115DD5,吸汗巾,200A,小青蛙皮诺S号28*22CM,3.1
2115DD5,吸汗巾,104A,小兔芭比S号28*22CM,3.1
2115DD5,吸汗巾,101B,小狮子辛巴L号35*25CM,3.5
2115DD5,吸汗巾,102A,小猴泰迪S号28*22CM,0
2115DD5,吸汗巾,101A,小狮子辛巴S号28*22CM,3.1
2115DD5,吸汗巾,107A,小虎雷斯S号28*22CM,3.1
2115DD5,吸汗巾,108B,小熊艾迪L号35*25CM,3.5
2115DD5,吸汗巾,200B,小青蛙皮诺L号35*25CM,3.5
2115DD5,吸汗巾,103A,小象波尼S号28*22CM,3.1
2115DD5,吸汗巾,203A,小猴杰克S号28*22CM,3.1
2115DD5,吸汗巾,201B,小牛米乐L号35*25CM,3.5
2115DD5,吸汗巾,105A,小狗欧迪28*22CM,0
2115DD5,吸汗巾,203B,小猴杰克L号35*25CM,3.5
2115DD5,吸汗巾,109A,小企鹅鲁比S号28*22CM,3.1
2115DD5,吸汗巾,103B,小象波尼L号35*25CM,3.5
2115DD5,吸汗巾,107B,小虎雷斯L号35*25CM,3.5
2115DD5,吸汗巾,201A,小牛米乐S号28*22CM,3.1
2115DD5,吸汗巾,108A,小熊艾迪S号28*22CM,3.1
2115DD5,吸汗巾,202B,小狗洛克L号35*25CM,3.5
3115YA002,快递袋制版费,1,大号制版费 50*70+5CM,1.39
3115YA002,快递袋制版费,3,特小号制版费 30*33+5CM,0.5
3115YA002,快递袋制版费,2,中号制版费 40*57+5CM,0.92
3115YA002,快递袋制版费,小号,小号快递袋 30*33+5_delete,0.5
2112BG5,粉色仙女,46K,65*70cm小号上身,0
2112BG5,粉色仙女,46A,75*50cm 成长包,0
2112BG5,粉色仙女,46F,65*100cm大号上身,0
0996CD8,字母小耳朵护耳帽,50B,鹅黄 均码 均码,0
0996CD8,字母小耳朵护耳帽,47B,嫩粉 均码 均码,0
0996CD8,字母小耳朵护耳帽,60B,粉蓝 均码 均码,0
0994CA1,null,20386012048,黄色 84 M,0
0994CA1,null,62E,蓝色 L,0
0994CA1,null,62D,蓝色 M,0
0994CA1,null,52C,黄色 S,0
0994CA1,null,20386012052,黄色 90 XL,0
0994CA1,null,52E,黄色 L,0
0994CA1,null,62F,蓝色 XL,0
0994CA1,null,20386012054,黄色 86 L,0
0994CA1,null,52D,黄色 M,0
0994CA1,null,62C,蓝色 S,0
0994CA1,null,52F,黄色 XL,0
1115BN4,棉花床品十件套,52EM,新版马达十件套 130*70,0
1115BN4,棉花床品十件套,52D,卡卡杜十件套70*120cm,0
1115BN4,棉花床品十件套,62D,苏美尔床品套120*70cm,0
1115BN4,棉花床品十件套,52DB,卡卡杜十件套（送厚被芯）新品黄 120*70,0
1115BN4,棉花床品十件套,52CBM,新版马达十件套（送厚被芯） 110*60,0
1115BN4,棉花床品十件套,52C,卡卡杜十件套60*110cm,0
1115BN4,棉花床品十件套,61C,原版苏美尔床品套 110*60,0
1115BN4,棉花床品十件套,52DM,新版马达十件套 120*70,0
1115BN4,棉花床品十件套,46EA,艾米丽十件套（送薄被芯）新品粉 130*70,0
1115BN4,棉花床品十件套,52EA,卡卡杜十件套（送薄被芯）新品黄 130*70,0
1115BN4,棉花床品十件套,62CB,新版苏美尔床品套（送厚被芯） 110*60,0
1115BN4,棉花床品十件套,62E,苏美尔床品套130*70cm,0
1115BN4,棉花床品十件套,52EBM,新版马达十件套（送厚被芯） 130*70,0
1115BN4,棉花床品十件套,52E,卡卡杜十件套70*130cm,0
1115BN4,棉花床品十件套,22794235259,新版苏美尔床品套（送厚被芯） 110*60_delete,0
1115BN4,棉花床品十件套,62EA,新版苏美尔床品套（送薄被芯） 130*70,0
1115BN4,棉花床品十件套,46C,艾米利十件套60*110cm,0
1115BN4,棉花床品十件套,22794235261,新版苏美尔床品套（送厚被芯） 130*70_delete,0
1115BN4,棉花床品十件套,62C,苏美尔床品套110*60cm,0
1115BN4,棉花床品十件套,52CA,卡卡杜十件套（送薄被芯）新品黄 110*60,0
1115BN4,棉花床品十件套,62DB,新版苏美尔床品套（送厚被芯） 120*70,0
1115BN4,棉花床品十件套,62DA,新版苏美尔床品套（送薄被芯） 120*70,0
1115BN4,棉花床品十件套,52CM,新版马达十件套 110*60,0
1115BN4,棉花床品十件套,62C,棉花版110*60CM_delete,0
1115BN4,棉花床品十件套,62E,棉花版130*70CM_delete,0
1115BN4,棉花床品十件套,61D,原版苏美尔床品套 120*70,0
1115BN4,棉花床品十件套,46EB,艾米丽十件套（送厚被芯）新品粉 130*70,0
1115BN4,棉花床品十件套,52DBM,新版马达十件套（送厚被芯） 120*70,0
1115BN4,棉花床品十件套,61E,狂欢苏美尔十件套70*130cm,0
1115BN4,棉花床品十件套,22794235260,新版苏美尔床品套（送厚被芯） 120*70_delete,0
1115BN4,棉花床品十件套,62EB,新版苏美尔床品套（送厚被芯） 130*70,0
1115BN4,棉花床品十件套,52CB,卡卡杜十件套（送厚被芯）新品黄 110*60,0
1115BN4,棉花床品十件套,52CAM,新版马达十件套（送薄被芯） 110*60,0
1115BN4,棉花床品十件套,46D,艾米利十件套70*120cm,0
1115BN4,棉花床品十件套,46CB,艾米丽十件套（送厚被芯）新品粉 110*60,0
1115BN4,棉花床品十件套,62D,棉花版120*70CM_delete,0
1115BN4,棉花床品十件套,46E,艾米利十件套70*130cm,0
1115BN4,棉花床品十件套,46DB,艾米丽十件套（送厚被芯）新品粉 120*70,0
1115BN4,棉花床品十件套,52DA,卡卡杜十件套（送薄被芯）新品黄 120*70,0
1115BN4,棉花床品十件套,52EB,卡卡杜十件套（送厚被芯）新品黄 130*70,0
1115BN4,棉花床品十件套,46CA,艾米丽十件套（送薄被芯）新品粉 110*60,0
1115BN4,棉花床品十件套,46DA,艾米丽十件套（送薄被芯）新品粉 120*70,0
1115BN4,棉花床品十件套,52EAM,新版马达十件套（送薄被芯） 130*70,0
1115BN4,棉花床品十件套,62CA,新版苏美尔床品套（送薄被芯） 110*60,0
1115BN4,棉花床品十件套,52DAM,新版马达十件套（送薄被芯） 120*70,0
1112CE1,纱布衣服,18233405396,家居服两件套大号 59_delete_delete,14.6
1112CE1,纱布衣服,18222327246,55cm长 52_delete,14.6
1112CE1,纱布衣服,E60I,春田花花 背心短裤两件套 浅蓝9-18M,14.6
1112CE1,纱布衣服,30F,家居服大号,24.6
1112CE1,纱布衣服,E50J,春田花花 背心短裤两件套 浅黄1-2岁,14.6
1112CE1,纱布衣服,18233405395,家居服两件套小号 59_delete,14.6
1112CE1,纱布衣服,E60J,春田花花 背心短裤两件套 浅蓝1-2岁,14.6
1112CE1,纱布衣服,F60J,春田花花 短袖短裤两件套 浅蓝1-2岁,14.6
1112CE1,纱布衣服,F50J,春田花花 短袖短裤两件套 浅黄1-2岁,14.6
1112CE1,纱布衣服,F60I,春田花花 短袖短裤两件套 浅蓝9-18M,14.6
1112CE1,纱布衣服,18233405390,家居服两件套大号 73_delete_delete,14.6
1112CE1,纱布衣服,30E,家居服小号,24.6
1112CE1,纱布衣服,E50I,春田花花 背心短裤两件套 浅黄9-18M,14.6
1112CE1,纱布衣服,18233405391,纱布蝴蝶衣长度55cm 73_delete,14.6
1112CE1,纱布衣服,F50I,春田花花 短袖短裤两件套 浅黄9-18M,14.6
1112CE1,纱布衣服,18233405392,家居服两件套小号 85_delete,14.6
1112CE1,纱布衣服,18233405394,纱布蝴蝶衣长度55cm 85_delete,14.6
1112CE1,纱布衣服,30E,_delete,14.6
1112CE1,纱布衣服,30C,蝴蝶衣,14.6
0112BK2,植物纤维童车席,80A,爱丽丝粉紫,8.63
0112BK2,植物纤维童车席,61A,喜洋洋天蓝,8.63
0112BK2,植物纤维童车席,90A,喜洋洋咖啡,8.63
0112BK2,植物纤维童车席,70A,爱丽丝粉绿,8.63
0112BK2,植物纤维童车席,70A1,喜洋洋粉绿,8.63
3116BH1,超细纤维绒毯,60K,超细纤维绒毯 90*120CM 蓝色,13
3116BH1,超细纤维绒毯,60N,超细纤维婴儿斗篷 68*80CM 蓝色_delete,14.1
3116BH1,超细纤维绒毯,50K,超细纤维绒毯 90*120CM 黄色,13
3116BH1,超细纤维绒毯,50N,超细纤维婴儿斗篷 68*80CM 黄色_delete,14.1
2115BN2,全棉贡缎空调被加送可脱内胆,62L,丛林动物空调被+可脱内胆套组,0
2115BN2,全棉贡缎空调被加送可脱内胆,41L,小鸟总动员空调被+可脱内胆套组,0
2115BN7,粉色床围套件,46K,床靠：40*65CM*1床围28*120cm*2/65*28CM*1,0
2115BN7,粉色床围套件,46J,床靠：40*60CM*1床围28*105cm*2/60*28CM*1,0
3115DB5,纱布围嘴,105,小象波尼 24*35CM 纱布围嘴 ,4.18
3115DB5,纱布围嘴,107,小虎雷斯 24*35CM 纱布围嘴 ,4.18
3115DB5,纱布围嘴,108,小熊艾迪 24*35CM 纱布围嘴 ,4.18
3115DB5,纱布围嘴,103,小兔芭比 24*35CM 纱布围嘴 ,4.18
3115DB5,纱布围嘴,102,小猴杰克 24*35CM 纱布围嘴 ,4.18
3115DB5,纱布围嘴,101,小狮子辛巴 24*35CM 纱布围嘴 ,4.18
3115DB5,纱布围嘴,109,小企鹅鲁比 24*35CM 纱布围嘴 ,4.18
3115DB5,纱布围嘴,202,小鹿班比 24*35CM 纱布围嘴 ,4.18
3115DB5,纱布围嘴,203,小蟹卡西 24*35CM 纱布围嘴 ,4.18
3115DB5,纱布围嘴,201,小牛米乐 24*35CM 纱布围嘴 ,4.18
0115YA004,快递袋,2,大号快递袋 50*70+5,0
0115YA004,快递袋,1,中号快递袋 40*75+5,0
0115YA004,快递袋,3,特小号快递袋 30*33+5,0
3116CA2,空气层背心,67K,空气层背心 66CM 蓝色条纹,8.3
3116CA2,空气层背心,67M,空气层背心 80CM 蓝色条纹,8.3
3116CA2,空气层背心,41K,空气层背心 66CM 红色圆点,8.3
3116CA2,空气层背心,62K,空气层背心 66CM 蓝色圆点,8.3
3116CA2,空气层背心,73L,空气层背心 73CM 绿色条纹,8.3
3116CA2,空气层背心,73M,空气层背心 80CM 绿色条纹,8.3
3116CA2,空气层背心,47M,空气层背心 80CM 粉色条纹,8.3
3116CA2,空气层背心,41O,空气层背心 100CM 红色圆点,8.3
3116CA2,空气层背心,47K,空气层背心 66CM 粉色条纹,8.3
3116CA2,空气层背心,73O,空气层背心 100CM 绿色条纹,8.3
3116CA2,空气层背心,71O,空气层背心 100CM 绿色圆点,8.3
3116CA2,空气层背心,47N,空气层背心 90CM 粉色条纹,8.3
3116CA2,空气层背心,71K,空气层背心 66CM 绿色圆点,8.3
3116CA2,空气层背心,73K,空气层背心 66CM 绿色条纹,8.3
3116CA2,空气层背心,62N,空气层背心90CM 蓝色圆点,8.3
3116CA2,空气层背心,67L,空气层背心 73CM 蓝色条纹,8.3
3116CA2,空气层背心,73N,空气层背心 90CM 绿色条纹,8.3
3116CA2,空气层背心,47L,空气层背心 73CM 粉色条纹,8.3
3116CA2,空气层背心,71M,空气层背心 80CM 绿色圆点,8.3
3116CA2,空气层背心,62M,空气层背心 80CM 蓝色圆点,8.3
3116CA2,空气层背心,41L,空气层背心 73CM 红色圆点,8.3
3116CA2,空气层背心,47O,空气层背心 100CM 粉色条纹,8.3
3116CA2,空气层背心,62L,空气层背心 73CM 蓝色圆点,8.3
3116CA2,空气层背心,71L,空气层背心 73CM 绿色圆点,8.3
3116CA2,空气层背心,41N,空气层背心 90CM 红色圆点,8.3
3116CA2,空气层背心,67N,空气层背心 90CM 蓝色条纹,8.3
3116CA2,空气层背心,62O,空气层背心 100CM 蓝色圆点,8.3
3116CA2,空气层背心,41M,空气层背心 80CM 红色圆点,8.3
3116CA2,空气层背心,67O,空气层背心 100CM 蓝色条纹,8.3
3116CA2,空气层背心,71N,空气层背心 90CM 绿色圆点,8.3
1112BG1,爱的抱抱纱布睡袋,30G,爱的抱抱大号睡袋,56.72
1112BG1,爱的抱抱纱布睡袋,30C,爱的抱抱小号睡袋,29.72
